distance_meters,distance_miles,elevation_meters,elevation_feet
0.0,0.0,2406.853759765625,7896.502089189453
20.0,0.012427423844746679,2407.2548828125,7897.818109726562
40.0,0.024854847689493358,2408.197509765625,7900.910717939453
60.0,0.03728227153424004,2405.13720703125,7890.8703543164065
80.0,0.049709695378986715,2401.032958984375,7877.404973154296
100.0,0.0621371192237334,2403.32861328125,7884.936647597656
120.0,0.07456454306848008,2397.50439453125,7865.828317753906
140.0,0.08699196691322675,2402.847900390625,7883.359505517578
160.0,0.09941939075797343,2395.272216796875,7858.50489975586
180.0,0.11184681460272011,2398.59033203125,7869.391104941406
200.0,0.1242742384474668,2396.794677734375,7863.499850498047
220.0,0.13670166229221348,2393.362548828125,7852.239584697266
240.0,0.14912908613696016,2391.7265625,7846.8721753125
260.0,0.16155650998170681,2390.162109375,7841.739454921875
280.0,0.1739839338264535,2389.69189453125,7840.196755253906
300.0,0.18641135767120018,2390.16259765625,7841.7410568945315
320.0,0.19883878151594686,2388.231689453125,7835.40605602539
340.0,0.21126620536069354,2388.55322265625,7836.460955019531
360.0,0.22369362920544023,2385.751953125,7827.270437890625
380.0,0.2361210530501869,2383.22265625,7818.97221953125
400.0,0.2485484768949336,2382.5888671875,7816.892859023437
420.0,0.26097590073968024,2380.421875,7809.783304375
440.0,0.27340332458442695,2380.28125,7809.32193625
460.0,0.2858307484291736,2378.845458984375,7804.611335654296
480.0,0.2982581722739203,2376.2353515625,7796.047990820312
500.0,0.310685596118667,2375.619384765625,7794.027102314453
520.0,0.32311301996341363,2374.87060546875,7791.570477246094
540.0,0.33554044380816034,2371.439697265625,7780.3142163769535
560.0,0.347967867652907,2373.806640625,7788.079778828125
580.0,0.3603952914976537,2371.220458984375,7779.594930654297
600.0,0.37282271534240036,2366.650146484375,7764.600466591797
620.0,0.38525013918714707,2366.964111328125,7765.6305350097655
640.0,0.3976775630318937,2365.268798828125,7760.068485947266
660.0,0.41010498687664043,2362.462890625,7750.862750078125
680.0,0.4225324107213871,2361.091064453125,7746.36200790039
700.0,0.43495983456613374,2362.245849609375,7750.1506732324215
720.0,0.44738725841088045,2359.37939453125,7740.746292753906
740.0,0.4598146822556271,2360.42431640625,7744.1745142382815
760.0,0.4722421061003738,2360.35595703125,7743.950238066406
780.0,0.48466952994512047,2356.60302734375,7731.637476230469
800.0,0.4970969537898672,2356.4775390625,7731.225769257812
820.0,0.5095243776346139,2353.516357421875,7721.510606083984
840.0,0.5219518014793605,2355.277587890625,7727.288921455078
860.0,0.5343792253241072,2351.73193359375,7715.656197011719
880.0,0.5468066491688539,2354.130859375,7723.526688671875
900.0,0.5592340730136005,2349.663330078125,7708.869439853515
920.0,0.5716614968583472,2353.5263671875,7721.5434465234375
940.0,0.5840889207030939,2350.973876953125,7713.169134462891
960.0,0.5965163445478406,2348.899169921875,7706.362352646484
980.0,0.6089437683925872,2350.44482421875,7711.433397089843
1000.0,0.621371192237334,2349.603759765625,7708.673999189453
1020.0,0.6337986160820807,2349.458984375,7708.199014296875
1040.0,0.6462260399268273,2350.378173828125,7711.214727822266
1060.0,0.658653463771574,2345.537353515625,7695.332770908203
1080.0,0.6710808876163207,2344.669677734375,7692.486065498047
1100.0,0.6835083114610674,2348.10498046875,7703.756744121094
1120.0,0.695935735305814,2342.232666015625,7684.490619970703
1140.0,0.7083631591505607,2343.1943359375,7687.645705117187
1160.0,0.7207905829953074,2342.48828125,7685.32925265625
1180.0,0.7332180068400541,2339.236572265625,7674.660915751953
1200.0,0.7456454306848007,2337.929931640625,7670.3740369238285
1220.0,0.7580728545295474,2333.75244140625,7656.668359863281
1240.0,0.7705002783742941,2333.145751953125,7654.677908837891
1260.0,0.7829277022190407,2332.175537109375,7651.494789169922
1280.0,0.7953551260637874,2328.071044921875,7638.028607021484
1300.0,0.8077825499085342,2328.37841796875,7639.037048808594
1320.0,0.8202099737532809,2325.36279296875,7629.143265683594
1340.0,0.8326373975980275,2322.89111328125,7621.034080097656
1360.0,0.8450648214427742,2324.198486328125,7625.323361884765
1380.0,0.8574922452875209,2323.951416015625,7624.512763720703
1400.0,0.8699196691322675,2320.758056640625,7614.035862548828
1420.0,0.8823470929770142,2320.97509765625,7614.747939394531
1440.0,0.8947745168217609,2319.88671875,7611.17714234375
1460.0,0.9072019406665076,2321.21435546875,7615.532905996094
1480.0,0.9196293645112542,2317.994140625,7604.967896328125
1500.0,0.9320567883560009,2318.423583984375,7606.376831279297
1520.0,0.9444842122007476,2318.831787109375,7607.716080419922
1540.0,0.9569116360454942,2316.056396484375,7598.610467841797
1560.0,0.9693390598902409,2314.339599609375,7592.977931982422
1580.0,0.9817664837349876,2312.431396484375,7586.717422841797
1600.0,0.9941939075797344,2313.029052734375,7588.678237373047
1620.0,1.006621331424481,2310.261474609375,7579.598256357422
1640.0,1.0190487552692278,2310.083251953125,7579.01353633789
1660.0,1.0314761791139744,2310.130615234375,7579.168927685547
1680.0,1.043903602958721,2306.178466796875,7566.202561005859
1700.0,1.0563310268034678,2308.75634765625,7574.660175644532
1720.0,1.0687584506482144,2305.22705078125,7563.081117285156
1740.0,1.081185874492961,2301.74853515625,7551.668664082031
1760.0,1.0936132983377078,2300.8720703125,7548.793123164062
1780.0,1.1060407221824544,2302.9482421875,7555.604710898438
1800.0,1.118468146027201,2297.806396484375,7538.735137841797
1820.0,1.1308955698719478,2298.265625,7540.241793125
1840.0,1.1433229937166944,2296.05908203125,7533.002478691406
1860.0,1.1557504175614413,2295.942138671875,7532.618806240234
1880.0,1.1681778414061879,2293.68505859375,7525.2136876367185
1900.0,1.1806052652509345,2292.397705078125,7520.990086728516
1920.0,1.1930326890956813,2291.564453125,7518.256320390625
1940.0,1.2054601129404279,2290.177978515625,7513.707519033203
1960.0,1.2178875367851745,2291.19091796875,7517.030811308594
1980.0,1.2303149606299213,2287.75048828125,7505.743311972657
2000.0,1.242742384474668,2288.049560546875,7506.7245202246095
2020.0,1.2551698083194145,2286.568115234375,7501.864135185547
2040.0,1.2675972321641613,2283.828125,7492.874665625
2060.0,1.280024656008908,2282.059814453125,7487.073121650391
2080.0,1.2924520798536545,2285.955322265625,7499.853659501953
2100.0,1.3048795036984013,2284.860595703125,7496.262036806641
2120.0,1.317306927543148,2278.033935546875,7473.864857099609
2140.0,1.3297343513878948,2279.178466796875,7477.6198810058595
2160.0,1.3421617752326414,2278.135009765625,7474.196465439453
2180.0,1.354589199077388,2274.92041015625,7463.649878457031
2200.0,1.3670166229221348,2276.508544921875,7468.860294521484
2220.0,1.3794440467668814,2272.958740234375,7457.2139533105465
2240.0,1.391871470611628,2273.653076171875,7459.491958427734
2260.0,1.4042988944563748,2270.129150390625,7447.930521767578
2280.0,1.4167263183011214,2271.4873046875,7452.386408710938
2300.0,1.429153742145868,2269.805419921875,7446.8684138964845
2320.0,1.4415811659906148,2267.138671875,7438.119240234375
2340.0,1.4540085898353614,2265.97314453125,7434.295331503906
2360.0,1.4664360136801082,2264.756103515625,7430.302414658203
2380.0,1.4788634375248548,2262.29638671875,7422.232477402344
2400.0,1.4912908613696014,2260.581787109375,7416.607150419922
2420.0,1.5037182852143482,2260.647705078125,7416.823416728515
2440.0,1.5161457090590948,2256.57861328125,7403.4733775976565
2460.0,1.5285731329038414,2259.2470703125,7412.228158164063
2480.0,1.5410005567485883,2254.93359375,7398.07633171875
2500.0,1.5534279805933349,2253.419189453125,7393.10781352539
2520.0,1.5658554044380815,2256.294189453125,7402.54022852539
2540.0,1.5782828282828283,2251.431884765625,7386.587784814453
2560.0,1.5907102521275749,2252.530517578125,7390.192223291016
2580.0,1.6031376759723215,2249.32275390625,7379.668063925781
2600.0,1.6155650998170683,2247.483154296875,7373.632631943359
2620.0,1.627992523661815,2244.630126953125,7364.272305712891
2640.0,1.6404199475065617,2242.6904296875,7357.908469335937
2660.0,1.6528473713513083,2241.091796875,7352.663610859375
2680.0,1.665274795196055,2241.523193359375,7354.0789537011715
2700.0,1.6777022190408017,2239.69970703125,7348.096386816406
2720.0,1.6901296428855483,2240.400634765625,7350.396018564453
2740.0,1.702557066730295,2237.74462890625,7341.682088300781
2760.0,1.7149844905750418,2235.961669921875,7335.832485146484
2780.0,1.7274119144197884,2235.571044921875,7334.550907021484
2800.0,1.739839338264535,2233.968505859375,7329.293232763672
2820.0,1.7522667621092818,2231.707763671875,7321.876099365234
2840.0,1.7646941859540284,2232.0068359375,7322.857307617188
2860.0,1.7771216097987752,2229.972412109375,7316.182688544922
2880.0,1.7895490336435218,2229.233154296875,7313.757301943359
2900.0,1.8019764574882684,2226.83740234375,7305.897223105469
2920.0,1.8144038813330152,2224.05126953125,7296.756367128906
2940.0,1.8268313051777618,2223.604736328125,7295.291363134766
2960.0,1.8392587290225084,2221.674072265625,7288.957163251953
2980.0,1.8516861528672552,2219.446044921875,7281.647362021485
3000.0,1.8641135767120018,2220.0361328125,7283.583345976563
3020.0,1.8765410005567484,2218.66552734375,7279.0866087304685
3040.0,1.8889684244014953,2218.3359375,7278.0052771875
3060.0,1.9013958482462419,2218.047607421875,7277.059312333984
3080.0,1.9138232720909885,2218.97216796875,7280.092647558594
3100.0,1.9262506959357353,2219.209716796875,7280.872007255859
3120.0,1.9386781197804819,2219.677734375,7282.407498046875
3140.0,1.9511055436252287,2217.94775390625,7276.731708925781
3160.0,1.9635329674699753,2217.130859375,7274.051608671875
3180.0,1.975960391314722,2216.97998046875,7273.556599121093
3200.0,1.9883878151594687,2216.72705078125,7272.7267772851565
3220.0,2.0008152390042153,2211.991455078125,7257.1900454785155
3240.0,2.013242662848962,2213.966796875,7263.670825859375
3260.0,2.0256700866937085,2209.821533203125,7250.070878994141
3280.0,2.0380975105384556,2210.52294921875,7252.372112714844
3300.0,2.050524934383202,2213.29345703125,7261.461705566407
3320.0,2.0629523582279488,2207.034423828125,7240.926819072266
3340.0,2.0753797820726954,2208.397216796875,7245.397924755859
3360.0,2.087807205917442,2208.01416015625,7244.141177207031
3380.0,2.1002346297621886,2205.027587890625,7234.342711455078
3400.0,2.1126620536069356,2202.92333984375,7227.439010292968
3420.0,2.125089477451682,2199.832763671875,7217.2993243652345
3440.0,2.137516901296429,2198.729248046875,7213.678866162109
3460.0,2.1499443251411754,2197.78515625,7210.58145203125
3480.0,2.162371748985922,2195.962158203125,7204.600487119141
3500.0,2.174799172830669,2194.041259765625,7198.2983266894535
3520.0,2.1872265966754156,2193.01318359375,7194.925373261719
3540.0,2.1996540205201622,2191.855224609375,7191.126295107422
3560.0,2.212081444364909,2191.284912109375,7189.255191044922
3580.0,2.2245088682096554,2190.244384765625,7185.841387314453
3600.0,2.236936292054402,2189.556396484375,7183.584207841797
3620.0,2.249363715899149,2185.4091796875,7169.977853085938
3640.0,2.2617911397438957,2187.481201171875,7176.775824052735
3660.0,2.2742185635886423,2183.35888671875,7163.2511699023435
3680.0,2.286645987433389,2181.58447265625,7157.429601269531
3700.0,2.2990734112781355,2176.82666015625,7141.819979707031
3720.0,2.3115008351228825,2173.083740234375,7129.540058310547
3740.0,2.323928258967629,2170.278564453125,7120.336725400391
3760.0,2.3363556828123757,2171.58203125,7124.61319140625
3780.0,2.3487831066571223,2170.79541015625,7122.032413457031
3800.0,2.361210530501869,2169.31103515625,7117.162416582031
3820.0,2.3736379543466155,2167.982177734375,7112.802647998047
3840.0,2.3860653781913626,2166.578125,7108.196175625
3860.0,2.398492802036109,2167.831298828125,7112.307638447265
3880.0,2.4109202258808557,2166.276611328125,7107.206957509766
3900.0,2.4233476497256023,2166.182373046875,7106.897776787109
3920.0,2.435775073570349,2164.52197265625,7101.450268769531
3940.0,2.4482024974150955,2161.917236328125,7092.904545634766
3960.0,2.4606299212598426,2164.023681640625,7099.815455673828
3980.0,2.473057345104589,2166.2197265625,7107.0203276953125
4000.0,2.485484768949336,2166.595703125,7108.253846640625
4020.0,2.4979121927940824,2167.0166015625,7109.634747070312
4040.0,2.510339616638829,2167.792236328125,7112.179480634765
4060.0,2.522767040483576,2168.38818359375,7114.134688261719
4080.0,2.5351944643283226,2168.165283203125,7113.403387744141
4100.0,2.5476218881730692,2166.089111328125,7106.591800009765
4120.0,2.560049312017816,2165.424560546875,7104.4115152246095
4140.0,2.5724767358625624,2162.92529296875,7096.211818183594
4160.0,2.584904159707309,2160.664794921875,7088.795485771484
4180.0,2.597331583552056,2160.631103515625,7088.684949658203
4200.0,2.6097590073968027,2158.677978515625,7082.277059033203
4220.0,2.6221864312415493,2156.267333984375,7074.368120029297
4240.0,2.634613855086296,2157.234619140625,7077.541627861328
4260.0,2.6470412789310425,2154.195068359375,7067.569348076172
4280.0,2.6594687027757895,2152.207763671875,7061.049319365235
4300.0,2.671896126620536,2155.361572265625,7071.396460751953
4320.0,2.6843235504652827,2152.200927734375,7061.026891748047
4340.0,2.6967509743100293,2151.090576171875,7057.3840059277345
4360.0,2.709178398154776,2152.75341796875,7062.839523808594
4380.0,2.7216058219995225,2149.287353515625,7051.467920908203
4400.0,2.7340332458442695,2150.389892578125,7055.085175166016
4420.0,2.746460669689016,2149.326904296875,7051.5976806933595
4440.0,2.7588880935337627,2147.610107421875,7045.965144833985
4460.0,2.7713155173785093,2144.9033203125,7037.0846094140625
4480.0,2.783742941223256,2145.003662109375,7037.413814794922
4500.0,2.796170365068003,2143.924072265625,7033.871853251953
4520.0,2.8085977889127496,2140.574462890625,7022.882320830078
4540.0,2.821025212757496,2138.424560546875,7015.828835224609
4560.0,2.833452636602243,2135.285888671875,7005.531354990234
4580.0,2.8458800604469894,2138.018310546875,7014.4959939746095
4600.0,2.858307484291736,2135.494384765625,7006.215397314453
4620.0,2.870734908136483,2134.885986328125,7004.219339384766
4640.0,2.8831623319812296,2135.563232421875,7006.441275458984
4660.0,2.895589755825976,2128.9375,6984.7033075
4680.0,2.908017179670723,2128.762939453125,6984.130602275391
4700.0,2.9204446035154694,2123.189697265625,6965.845686376953
4720.0,2.9328720273602165,2123.26220703125,6966.083579316406
4740.0,2.945299451204963,2122.267822265625,6962.821162001953
4760.0,2.9577268750497097,2120.3232421875,6956.441305898437
4780.0,2.9701542988944563,2120.51171875,6957.05966734375
4800.0,2.982581722739203,2118.532470703125,6950.566071181641
4820.0,2.9950091465839495,2121.312744140625,6959.687703486328
4821.738050626141,2.9960891211736835,2117.666748046875,6947.7257736621095
