trail_name,final_area,latitude,longitude,distance_miles,segment_count,node_count,source,review_notes
Cousin Eddy Trail,Clark Ranch,40.66170094764518,-111.45386933866466,0.5029713823608252,2,3,OpenStreetMap,
Family Truckster Trail,Clark Ranch,40.66038172048119,-111.452885753204,0.7140480173629205,1,2,OpenStreetMap,
Lower Sparky Trail,Clark Ranch,40.66761130235187,-111.4559551589961,1.4828649352522327,6,7,OpenStreetMap,
Princess Di's,Clark Ranch,40.751465442037045,-111.43628535405452,2.8912212182837727,1,2,OpenStreetMap,
Sparky's Return,Clark Ranch,40.6617858998794,-111.45698342605078,0.3675610486753038,2,3,OpenStreetMap,
Upper Sparky Trail,Clark Ranch,40.6599723509711,-111.45534390616216,1.9221996212174948,3,4,OpenStreetMap,
4:20,Deer Valley,40.63850725810498,-111.5016215026881,0.4123137984071924,2,3,OpenStreetMap,
Agitator Trail,Deer Valley,40.62594479567907,-111.46053082324435,1.2173080681452455,2,3,OpenStreetMap,
April Mountain Trail,Deer Valley,40.650711302598815,-111.4870593388075,0.6114526256825485,4,5,OpenStreetMap,
Aspen Slalom,Deer Valley,40.61311265842392,-111.48457791355952,1.3686273337883368,7,7,OpenStreetMap,
Black Forest,Deer Valley,40.61940428916709,-111.52036519166067,0.781123178236649,2,3,OpenStreetMap,
Bonanza Flat Overlook,Deer Valley,40.60116766018752,-111.5344182482656,0.1087655176126544,1,2,OpenStreetMap,
Bonanza Loop Trail,Deer Valley,40.60282163896819,-111.52815381158308,4.834329729028415,10,10,OpenStreetMap,
Bonanza Trail,Deer Valley,40.661614248984336,-111.49584605339936,0.2584346499388613,1,2,OpenStreetMap,
Boulder,Deer Valley,40.61539223980999,-111.50399769475118,1.4191229167481687,2,3,OpenStreetMap,
Boulder / Trump,Deer Valley,40.610998229404565,-111.50208555144307,0.4170315969258124,1,2,OpenStreetMap,
Bow Hunter,Deer Valley,40.60108596513679,-111.48484426536052,0.7280469316749235,3,4,OpenStreetMap,
Bow Hunter Extension,Deer Valley,40.59796119210968,-111.4848069886625,0.2307089827258786,2,2,OpenStreetMap,
Corvair,Deer Valley,40.61099169805087,-111.51230389508405,1.3049431257114052,5,6,OpenStreetMap,
Corvair (Upper),Deer Valley,40.60840912265719,-111.51090449857222,0.71810824957051,3,4,OpenStreetMap,
Corvair Connector,Deer Valley,40.61070239150149,-111.5115633319795,0.1021717936303133,1,2,OpenStreetMap,
Daily Overlook,Deer Valley,40.631723443280656,-111.4987920660294,0.2777557161436172,1,2,OpenStreetMap,
Daly Avenue,Deer Valley,40.63079192228995,-111.49966938212476,0.7863482675021584,3,4,OpenStreetMap,
Daly Bypass,Deer Valley,40.63469577874592,-111.4972952534869,0.3382822056798643,2,3,OpenStreetMap,
Daly Canyon,Deer Valley,40.620194319264456,-111.50922727258838,0.4118589210970415,5,6,OpenStreetMap,
Daly Grind,Deer Valley,40.62436395642222,-111.5065519695764,0.3276221065095611,1,2,OpenStreetMap,
Deer Camp,Deer Valley,40.60519585339864,-111.4911066437841,0.7066529041961844,5,6,OpenStreetMap,
Deer Crest,Deer Valley,40.63553157935396,-111.47424740401932,1.9905131675984973,11,12,OpenStreetMap,
Devo,Deer Valley,40.6296740826892,-111.48374523511592,0.1550254321075795,3,4,OpenStreetMap,
Empire Alternate,Deer Valley,40.62635819528807,-111.50016350153602,0.1095037763895134,1,2,OpenStreetMap,
Empire Link,Deer Valley,40.62422557470265,-111.50748256286928,2.2026734775219,9,10,OpenStreetMap,
Empire Lodge,Deer Valley,40.61442062316093,-111.51298418240138,0.3990093717656819,5,6,OpenStreetMap,
Empire Pass Connector,Deer Valley,40.60627316294136,-111.51481095351645,0.4445298999402851,4,5,OpenStreetMap,
Finns,Deer Valley,40.640763495812735,-111.47689190658058,0.3221560899820196,1,2,OpenStreetMap,
Fireswamp,Deer Valley,40.61340925382439,-111.48239833860336,0.7370914838453253,5,6,OpenStreetMap,
Flagstaff Loop,Deer Valley,40.60758047007656,-111.496735533601,3.0228944351889417,23,24,OpenStreetMap,
Gap Bypass Trail,Deer Valley,40.64123747413292,-111.47577580871994,0.3812804280106275,5,6,OpenStreetMap,
Gap Loop,Deer Valley,40.6409109833561,-111.47399614902376,1.9224854744893047,7,7,OpenStreetMap,
Grave Digger,Deer Valley,40.62962271716946,-111.50201210924322,0.4549010474108758,1,2,OpenStreetMap,
Heard It Both Ways Trail,Deer Valley,40.593082879194085,-111.49125770411068,3.5945179360871347,9,9,OpenStreetMap,
Holy Roller,Deer Valley,40.6113609111251,-111.48708066137604,4.160330612011111,16,17,OpenStreetMap,
Humdinger,Deer Valley,40.626356336628135,-111.46720603877804,3.2287801918582923,2,3,OpenStreetMap,
Io Trail (Middle),Deer Valley,40.61025792344493,-111.52770861008732,0.2892459757328841,2,3,OpenStreetMap,
Izzy's Inferno (Dog Pound),Deer Valley,40.619811878384205,-111.48856422719636,0.132612509409433,2,3,OpenStreetMap,
Jeep Hill (Safety Coridoor),Deer Valley,40.60451306969404,-111.50923514571896,0.206925249538742,1,2,OpenStreetMap,
Johns 99,Deer Valley,40.62450457371346,-111.51231498110546,0.6211821280305257,1,2,OpenStreetMap,
Lavina,Deer Valley,40.58376333945228,-111.52567195673171,0.9723264343001689,3,4,OpenStreetMap,
Link,Deer Valley,40.624117394272574,-111.51614328186776,0.6685074356578963,5,6,OpenStreetMap,
Little Chief,Deer Valley,40.61872839208637,-111.51243052868438,0.7459059804719618,3,4,OpenStreetMap,
Little Stick,Deer Valley,40.63409637421967,-111.478301770839,0.3366888443803764,3,4,OpenStreetMap,
Lower Devo Trail,Deer Valley,40.63290230557317,-111.48205615844142,1.1211882501001214,5,6,OpenStreetMap,
Lower Village,Deer Valley,40.64043848354113,-111.46360640728942,0.3080748570651492,1,2,OpenStreetMap,
McHenry Avenue,Deer Valley,40.640126864152855,-111.49219625319049,0.2904287520988196,1,2,OpenStreetMap,
Moose Poop,Deer Valley,40.633538239133244,-111.50120248027572,0.2349675383719401,1,2,OpenStreetMap,
Moosebones,Deer Valley,40.61167254823319,-111.50326786094648,0.9058066841005448,5,6,OpenStreetMap,
Mother Urban,Deer Valley,40.63167066031289,-111.5034058570439,2.364637954787108,6,7,OpenStreetMap,
NCS,Deer Valley,40.62911396321707,-111.4803727621932,0.6805296080278715,6,7,OpenStreetMap,
OMG,Deer Valley,40.631226274970665,-111.4973428195913,0.2726891782397382,2,3,OpenStreetMap,
Old Homeward Bound,Deer Valley,40.61357496233911,-111.48964629692756,0.6855619356578508,3,4,OpenStreetMap,
Old Skool,Deer Valley,40.631898683587,-111.48423208918877,0.4053651948438035,2,3,OpenStreetMap,
Ontario Canyon,Deer Valley,40.61130277448227,-111.48755898005427,1.9738478900894416,21,22,OpenStreetMap,
Ontario Ridge,Deer Valley,40.62821582013441,-111.49780973717266,0.2246842113577315,2,3,OpenStreetMap,
Ore Cart,Deer Valley,40.621755910380834,-111.51139929264724,0.276968196259141,1,2,OpenStreetMap,
Outlook,Deer Valley,40.63657831428653,-111.4685462481628,0.5068758273560625,3,4,OpenStreetMap,
Payroll,Deer Valley,40.61095393430099,-111.5094443089702,0.3432297813282242,1,2,OpenStreetMap,
Pedalers Inn,Deer Valley,40.61923438649311,-111.4865707901735,0.2637280489646287,2,3,OpenStreetMap,
Pipeline,Deer Valley,40.63885618836171,-111.46966538134832,1.6682312832818753,5,6,OpenStreetMap,
Pointy Rocks,Deer Valley,40.63679995846106,-111.48172224533342,0.1824405175632854,2,3,OpenStreetMap,
Prospect,Deer Valley,40.63405408516434,-111.49547333835608,0.5879842900161183,3,4,OpenStreetMap,
Regulator Trail,Deer Valley,40.62910164594688,-111.48142418804063,1.399710702258098,5,6,OpenStreetMap,
Rinse Cycle Trail,Deer Valley,40.62990230274806,-111.45944053119273,2.5523255342373106,5,6,OpenStreetMap,
Ripple Trail,Deer Valley,40.63554405253732,-111.47490110184252,2.6251753255560235,16,17,OpenStreetMap,
Rossi Hill Trail,Deer Valley,40.63808222920599,-111.4919292526201,1.4888740362136077,9,9,OpenStreetMap,
Sam's Trail,Deer Valley,40.61912724197413,-111.50964994268364,0.926673992414654,4,5,OpenStreetMap,
Secret of My Success Trail,Deer Valley,40.62597453280468,-111.48566192002252,0.4486417936052037,4,5,OpenStreetMap,
Shenanigans,Deer Valley,40.62034189886961,-111.49849814997506,0.1514953692023571,1,2,OpenStreetMap,
Snowtop,Deer Valley,40.64752229561398,-111.4705824068134,1.664563155031297,2,3,OpenStreetMap,
Solamere,Deer Valley,40.65168830951934,-111.47267426337083,2.341786068263191,11,12,OpenStreetMap,
Solamere Connector,Deer Valley,40.651338463153365,-111.4797751905619,1.0484842195683135,1,2,OpenStreetMap,
Speedbag,Deer Valley,40.624406811076895,-111.50919273225593,0.7900784204086114,3,4,OpenStreetMap,
Spin Cycle Trail,Deer Valley,40.63411801502942,-111.46082430079326,1.7561817703924287,1,2,OpenStreetMap,
St. Regis Trail,Deer Valley,40.639112933407205,-111.47591481144916,0.3466717522996909,4,5,OpenStreetMap,
Sunset,Deer Valley,40.61222429898699,-111.48546906629171,1.2461315775506032,7,8,OpenStreetMap,
Super G,Deer Valley,40.6078734147108,-111.486644562986,0.3831876068562151,2,3,OpenStreetMap,
T&G,Deer Valley,40.611941402305575,-111.51506977898008,1.171813181876456,7,8,OpenStreetMap,
T&G 2,Deer Valley,40.62089143656375,-111.51568549288604,0.8802221814285119,3,4,OpenStreetMap,
TDS Ontario Bypass,Deer Valley,40.62591563844938,-111.49801252893096,1.037508653361462,8,8,OpenStreetMap,
Tall T Trail,Deer Valley,40.59029104976929,-111.52734087474852,4.352617378773826,1,2,OpenStreetMap,
Team Big Bear,Deer Valley,40.61639926546102,-111.50010669410356,1.3024219896641782,3,4,OpenStreetMap,
The Lookout,Deer Valley,40.62921554675458,-111.4942829189022,1.7177592510969846,3,4,OpenStreetMap,
Thieves Forest,Deer Valley,40.61553068086176,-111.48245627012813,0.4597863087011359,2,3,OpenStreetMap,
Thieves Forrest,Deer Valley,40.611364491739,-111.4804590615015,0.3469987341799864,1,2,OpenStreetMap,
Tidal Wave,Deer Valley,40.610548014761406,-111.48897388892838,2.7311391080231746,15,16,OpenStreetMap,
Tour De Homes,Deer Valley,40.63205110837411,-111.48826887414292,1.36089813866567,2,3,OpenStreetMap,
Tour De Suds (Upper),Deer Valley,40.614682713092186,-111.50609195133156,0.7440585696126766,2,3,OpenStreetMap,
Trappers Gate,Deer Valley,40.63197509989361,-111.497026036245,0.4879857314945335,3,4,OpenStreetMap,
Tricky Pickle Trail,Deer Valley,40.59197973531048,-111.49789592532872,2.5701418550664723,3,4,OpenStreetMap,
Trump,Deer Valley,40.60903529522874,-111.4964159868453,0.5784024842211413,9,10,OpenStreetMap,
Tsunami,Deer Valley,40.61166268615432,-111.48706860055302,1.1999183763390222,4,5,OpenStreetMap,
Tug of War Trail,Deer Valley,40.60218815889535,-111.4963014769127,1.4424412389498933,2,3,OpenStreetMap,
Twist & Shout,Deer Valley,40.61590669002216,-111.48826576454944,0.2243572359686889,1,2,OpenStreetMap,
Twist and Shout,Deer Valley,40.61146669404505,-111.486662413967,1.0479731959059362,4,5,OpenStreetMap,
Undertow Trail,Deer Valley,40.63057046785135,-111.47858549886824,1.933095693550621,6,7,OpenStreetMap,
Upper Devo Trail,Deer Valley,40.62826200901757,-111.4850494481263,0.2028942905269994,1,2,OpenStreetMap,
Village Pipeline Connector,Deer Valley,40.6391093200599,-111.472490526811,0.166308776565325,1,2,OpenStreetMap,
Village Trail,Deer Valley,40.64077448423082,-111.47113665558776,0.1534191074692529,1,2,OpenStreetMap,
Village Trail / Pipeline,Deer Valley,40.64110752434245,-111.46934147070748,0.52111694609496,1,2,OpenStreetMap,
WOW (Wasatch Over Wasatch) Trail,Deer Valley,40.585198990338895,-111.50729227137398,2.724885927251763,4,5,OpenStreetMap,
Woodside Gulch,Deer Valley,40.63428272582461,-111.50200856347875,0.7807538495211426,5,6,OpenStreetMap,
Wowza Downhill Trail,Deer Valley,40.58677474689952,-111.51626735679228,0.9481679762853356,1,2,OpenStreetMap,
Wowza Trail,Deer Valley,40.58754867198866,-111.51557993987645,1.1719245515390433,1,2,OpenStreetMap,
24-7,Jeremy Ranch / Glenwild,40.7580938928905,-111.55747502780672,5.084483602728426,8,9,OpenStreetMap,
Abilene Way,Jeremy Ranch / Glenwild,40.705162592888,-111.52848253655898,0.4874400594837326,1,2,OpenStreetMap,
Ambush,Jeremy Ranch / Glenwild,40.694225906082366,-111.58181443950004,1.648773485207604,3,4,OpenStreetMap,
Ant Farm,Jeremy Ranch / Glenwild,40.74632495230274,-111.55092174051572,0.5235766481813493,1,2,OpenStreetMap,
BLT,Jeremy Ranch / Glenwild,40.71492142685356,-111.56084442077211,0.812395000903706,2,3,OpenStreetMap,
Bad Apple,Jeremy Ranch / Glenwild,40.74937514368386,-111.56017979748744,0.6500921715377702,4,5,OpenStreetMap,
Blackhawk Trail,Jeremy Ranch / Glenwild,40.73111252615939,-111.53542276920604,2.454270549879213,8,8,OpenStreetMap,
Cobblestone Loop,Jeremy Ranch / Glenwild,40.75845647840704,-111.52582619388934,0.8282548943661749,1,2,OpenStreetMap,
Cobblestone Trail,Jeremy Ranch / Glenwild,40.75512641497514,-111.52744418745776,1.7237877253936833,2,3,OpenStreetMap,
Colin's Trail,Jeremy Ranch / Glenwild,40.69629937433107,-111.55671582168428,1.7996675634848909,4,5,OpenStreetMap,
Crazy Eights,Jeremy Ranch / Glenwild,40.74908550583131,-111.55291850861556,0.7774459190815921,2,3,OpenStreetMap,
Cutter Lane,Jeremy Ranch / Glenwild,40.7083260127391,-111.53140227257067,0.2201115857377402,3,4,OpenStreetMap,
Dropout,Jeremy Ranch / Glenwild,40.74673233142679,-111.55449028155309,0.885472021426475,5,6,OpenStreetMap,
Dubois,Jeremy Ranch / Glenwild,40.698630398586985,-111.55581872982933,1.3918128789172683,6,7,OpenStreetMap,
Fink Again,Jeremy Ranch / Glenwild,40.75125285000831,-111.55541181172696,0.9363825896037886,1,2,OpenStreetMap,
Flying Dog,Jeremy Ranch / Glenwild,40.77237660098178,-111.54161762597796,6.0632071432821455,4,5,OpenStreetMap,
Glenwild Loop,Jeremy Ranch / Glenwild,40.73989427988239,-111.52813430357229,5.873480493400596,5,5,OpenStreetMap,
Glenwild Loop / Wasatch,Jeremy Ranch / Glenwild,40.74589846722535,-111.509614206256,0.2431296361157769,1,2,OpenStreetMap,
Insurgent,Jeremy Ranch / Glenwild,40.68610182305705,-111.58195303109213,0.5805135364726814,2,3,OpenStreetMap,
Iron Bill,Jeremy Ranch / Glenwild,40.70817834974828,-111.55726593666238,1.9824030524192755,6,7,OpenStreetMap,
Jailbreak,Jeremy Ranch / Glenwild,40.75712939272894,-111.56214780445411,0.5489737037583557,4,5,OpenStreetMap,
Legacy Loop,Jeremy Ranch / Glenwild,40.705995804360256,-111.55961886682412,0.662737942065351,4,5,OpenStreetMap,
Legacy Ridge,Jeremy Ranch / Glenwild,40.70648419743829,-111.5603960205038,0.4942346051091288,1,2,OpenStreetMap,
Legacy. Loop,Jeremy Ranch / Glenwild,40.70737188748682,-111.5599210439625,0.3709751000415134,3,4,OpenStreetMap,
Miss Billy's,Jeremy Ranch / Glenwild,40.69127466685039,-111.54016400735836,1.081904915000023,11,11,OpenStreetMap,
Mountain Ranch,Jeremy Ranch / Glenwild,40.719482563829935,-111.5082007499112,0.1871364768926466,1,2,OpenStreetMap,
North 400 West,Jeremy Ranch / Glenwild,40.70279368500318,-111.51897621463831,0.4898579521444969,1,2,OpenStreetMap,
Preserve Connector,Jeremy Ranch / Glenwild,40.76330147562161,-111.54585203221042,0.923971673887967,1,2,OpenStreetMap,
RTS,Jeremy Ranch / Glenwild,40.71664642216084,-111.55523569599896,2.5792028251408645,18,17,OpenStreetMap,
RTS / BLT,Jeremy Ranch / Glenwild,40.71544842193981,-111.5580228733734,0.3549339694146537,1,2,OpenStreetMap,
Short Cut,Jeremy Ranch / Glenwild,40.68025862222409,-111.57883598783349,0.9264544503510076,1,2,OpenStreetMap,
Stealth Connector / Pheasant Way,Jeremy Ranch / Glenwild,40.73167942348123,-111.54708752211994,0.2537640804940234,1,2,OpenStreetMap,
Stealth Trail,Jeremy Ranch / Glenwild,40.73631275924013,-111.5447596003018,2.311077272526553,9,10,OpenStreetMap,
Team Cutthroat Downhill,Jeremy Ranch / Glenwild,40.74619331694971,-111.55242052130288,0.3422325804737415,1,2,OpenStreetMap,
The Graduate,Jeremy Ranch / Glenwild,40.7534431855279,-111.56237742796368,0.7069880473321413,5,6,OpenStreetMap,
Winchester Trail,Jeremy Ranch / Glenwild,40.71094932830698,-111.54449441430567,0.2434703478411478,1,2,OpenStreetMap,
An Unexpected Journey Trail,Jordanelle,40.584095263003086,-111.41492155800285,0.6097309546769157,1,2,OpenStreetMap,
Beep Beep Trail,Jordanelle,40.59039066618902,-111.4033797731244,1.544574065330985,3,4,OpenStreetMap,
Big Dipper,Jordanelle,40.66018548005414,-111.43175307695702,2.150852926658403,1,2,OpenStreetMap,
Constellation Trail,Jordanelle,40.6428753631073,-111.43505033038012,0.6966569774617706,1,2,OpenStreetMap,
Coyote Loop Trail,Jordanelle,40.58676467246392,-111.40272629625528,0.7495610202043609,1,2,OpenStreetMap,
Deep Park Circle,Jordanelle,40.626894083286025,-111.43587347972714,0.1506330714576121,1,2,OpenStreetMap,
Jordanelle (West Bank) Trail,Jordanelle,40.63639192686843,-111.4311179892118,2.3115618395412643,8,9,OpenStreetMap,
Jordanelle Perimeter Trail,Jordanelle,40.633349610731685,-111.4121970547725,9.288208231184122,12,13,OpenStreetMap,
Kaboom Trail / Call Sign Casa Trail,Jordanelle,40.62794719612903,-111.45468580169128,1.1339625494783907,1,2,OpenStreetMap,
Keetley,Jordanelle,40.6438983646529,-111.4097274639112,0.9241192040692142,1,2,OpenStreetMap,
Longview,Jordanelle,40.65785550770212,-111.4151527495857,0.2990694202291336,1,2,OpenStreetMap,
Looney Tunes Trail,Jordanelle,40.58370423178651,-111.40605522395904,1.2149332537913544,1,2,OpenStreetMap,
Milky Way,Jordanelle,40.65767372971338,-111.43373089841624,1.2128282786264954,1,2,OpenStreetMap,
Milky Way / Two Rocks,Jordanelle,40.66056479638159,-111.42608338059031,0.4980221542265608,1,2,OpenStreetMap,
North Ross Creek Trail,Jordanelle,40.66585897507511,-111.42082357173696,0.8483496767419276,1,2,OpenStreetMap,
Oh Deer Flow,Jordanelle,40.66237367218405,-111.42118550237925,0.612800950513697,1,2,OpenStreetMap,
Putty Tat Trail,Jordanelle,40.59267845848291,-111.40267007297948,0.5716105826740486,2,3,OpenStreetMap,
Riverview West Trail,Jordanelle,40.58565113588149,-111.41386481977428,1.8207027453567053,5,6,OpenStreetMap,
Skyridge Peak Trail / Milky Way,Jordanelle,40.65984634182248,-111.4368345884266,1.1880734420167751,1,2,OpenStreetMap,
Sven,Jordanelle,40.66216079919324,-111.41880056586604,0.1209209035330993,3,4,OpenStreetMap,
Tideline,Jordanelle,40.64171272429878,-111.40053564270964,0.1156865066044314,2,3,OpenStreetMap,
Tweety Bird Trail,Jordanelle,40.59084253440856,-111.40816741687898,0.6642941640675584,1,2,OpenStreetMap,
Wada Way,Jordanelle,40.65139897157171,-111.41292348157292,1.6600420391582622,3,4,OpenStreetMap,
We'll Go From There,Jordanelle,40.633559740125165,-111.4528915193202,0.1478023793008544,1,2,OpenStreetMap,
You Get It,Jordanelle,40.63417280890808,-111.45447628262694,0.483350030265907,2,3,OpenStreetMap,
9K Trail,Park City / PCMR,40.61454424262402,-111.5340694590712,5.767282904473127,13,14,OpenStreetMap,
Alta-Brighton Trail,Park City / PCMR,40.59874189108338,-111.5904390735144,0.9015372231824904,1,2,OpenStreetMap,
Apex,Park City / PCMR,40.62520958876211,-111.53395003281469,2.200414655117812,6,7,OpenStreetMap,
Armstrong,Park City / PCMR,40.65248508262897,-111.52994268919429,3.8278321903815673,3,4,OpenStreetMap,
Blazing Saddle,Park City / PCMR,40.61652898868821,-111.55635878361066,0.6851559960428182,2,3,OpenStreetMap,
Boot Hill,Park City / PCMR,40.66311538182378,-111.50841776480048,0.2893387629353953,2,3,OpenStreetMap,
Boot Hill Connect,Park City / PCMR,40.66384832032967,-111.50809692977944,0.2267447819986804,1,2,OpenStreetMap,
Brighton Lakes Trail,Park City / PCMR,40.59287052758444,-111.58751257009568,1.897257838504431,10,9,OpenStreetMap,
CMG,Park City / PCMR,40.645848884326966,-111.51679268892973,2.9354415022680653,9,10,OpenStreetMap,
Catherine's Pass Trail,Park City / PCMR,40.585096359880005,-111.59078643106362,1.5251058935096915,1,2,OpenStreetMap,
Claim Jumper,Park City / PCMR,40.63958065995946,-111.52518162563226,1.4407665489024002,11,12,OpenStreetMap,
Clayton Peak Trail,Park City / PCMR,40.58693552999217,-111.57085635011327,2.017634735594292,8,9,OpenStreetMap,
Colony Mid Mountain Connector,Park City / PCMR,40.65011049975458,-111.53932673410868,0.4704632133189834,1,2,OpenStreetMap,
Comstock Mine Trail,Park City / PCMR,40.62270505527668,-111.54357954562096,0.6324903168932815,1,2,OpenStreetMap,
Crescent Ridge,Park City / PCMR,40.64328062856461,-111.5205999025961,1.0433609873417355,7,8,OpenStreetMap,
Cyn City,Park City / PCMR,40.62106458390316,-111.52108056020784,2.616941651468565,3,4,OpenStreetMap,
Dawns Trail,Park City / PCMR,40.65039115727101,-111.52578815180028,0.8691095373150084,1,2,OpenStreetMap,
Dead Tree,Park City / PCMR,40.611358588022426,-111.54588982448988,0.7709582364292185,2,3,OpenStreetMap,
Eagle Trail,Park City / PCMR,40.65138382915936,-111.51929067308184,0.5175131513522067,3,4,OpenStreetMap,
Eagle Way,Park City / PCMR,40.65295946154777,-111.48775315119684,0.9169203474436032,1,2,OpenStreetMap,
East Fallen Pines Lane,Park City / PCMR,40.61551642366452,-111.57912837068116,0.5879803275441051,2,3,OpenStreetMap,
Easy Rider,Park City / PCMR,40.59580193116481,-111.57632308440664,2.2708947344219883,7,8,OpenStreetMap,
Evil Empire,Park City / PCMR,40.61923823662483,-111.52513988679308,0.8743382179085835,3,4,OpenStreetMap,
Fat Lip,Park City / PCMR,40.62192963761681,-111.5279713594279,0.9500749325664994,4,5,OpenStreetMap,
First Time,Park City / PCMR,40.65050878239233,-111.51048291433958,0.5496569147394741,9,10,OpenStreetMap,
First Time Return,Park City / PCMR,40.65021414919943,-111.51090683334832,0.6912391260436946,7,8,OpenStreetMap,
Flat Cable,Park City / PCMR,40.644102718034645,-111.505628746172,0.9540180176956105,10,11,OpenStreetMap,
Flat Iron,Park City / PCMR,40.62696082564811,-111.51719430456902,0.5992409148204252,3,4,OpenStreetMap,
Forest Glen Trail,Park City / PCMR,40.61089948644494,-111.5784844905115,0.2453640829723189,1,2,OpenStreetMap,
Freemason,Park City / PCMR,40.65768683021079,-111.49819012622744,1.5379335402343446,4,5,OpenStreetMap,
Full Steam Billy,Park City / PCMR,40.64842922650065,-111.4945100220623,0.3374081234612734,1,2,OpenStreetMap,
Gambel Oak North,Park City / PCMR,40.65915752473873,-111.48180315635692,0.3167296696104135,2,3,OpenStreetMap,
Gambel Oak Trail,Park City / PCMR,40.64847351910524,-111.48419757905585,1.0303762680603132,4,5,OpenStreetMap,
Gold Finger,Park City / PCMR,40.65997467243904,-111.55431689925648,1.1421294028531843,1,2,OpenStreetMap,
Golden Needle,Park City / PCMR,40.59452078975266,-111.56725110409884,0.832380653077749,1,2,OpenStreetMap,
Gotcha Cuttoff,Park City / PCMR,40.64587964864319,-111.5166123821088,1.4811424334770853,7,8,OpenStreetMap,
H.A.M.,Park City / PCMR,40.64547382276132,-111.53139851516626,0.7953158162855987,3,4,OpenStreetMap,
Hang Time South,Park City / PCMR,40.65853660632904,-111.49606808644194,0.2624543793306007,2,3,OpenStreetMap,
Iron Man,Park City / PCMR,40.6585520468376,-111.5452566956134,2.9350941430116486,4,5,OpenStreetMap,
Iron Mountain Trail,Park City / PCMR,40.65649532455427,-111.54475504732362,0.5413267620786247,1,2,OpenStreetMap,
Jenni's Trail,Park City / PCMR,40.64869166733497,-111.51220769740809,1.4050051306446678,7,8,OpenStreetMap,
Jenni's Trail upper,Park City / PCMR,40.63937813819639,-111.5112423147728,3.115540806319588,11,12,OpenStreetMap,
Johns '99,Park City / PCMR,40.62911828578874,-111.50998374795329,1.1463272598720602,3,4,OpenStreetMap,
Johns Trail,Park City / PCMR,40.63760825426597,-111.50539626371148,1.8455851721343832,6,7,OpenStreetMap,
Jupiter Peak,Park City / PCMR,40.610319419324455,-111.54904593331813,1.2326219673735002,5,6,OpenStreetMap,
Jupiter Ridge,Park City / PCMR,40.61268065771163,-111.53867835914352,0.1794359184741005,1,2,OpenStreetMap,
Keystone Trail,Park City / PCMR,40.62506440637064,-111.53055382777043,2.603688918161734,8,9,OpenStreetMap,
Loose Moose,Park City / PCMR,40.64358346695202,-111.50940341630726,0.8327992481641062,2,3,OpenStreetMap,
Lost Prospector,Park City / PCMR,40.659849225736586,-111.4888557229514,3.165131184572034,13,14,OpenStreetMap,
Lower Masonic,Park City / PCMR,40.65358630670372,-111.49972319928794,0.6332320084261772,2,3,OpenStreetMap,
Masonic,Park City / PCMR,40.65628760128763,-111.48965728213436,1.271607741089301,3,4,OpenStreetMap,
McConkeys,Park City / PCMR,40.617956923480186,-111.52625119796232,2.0961182087109456,12,13,OpenStreetMap,
McConkeys / Io Trail (Middle),Park City / PCMR,40.61168680632571,-111.53326494678502,0.6153542674060682,1,2,OpenStreetMap,
Mid-Mountain Connect,Park City / PCMR,40.63223012461414,-111.51309555497544,0.1167135462795945,1,2,OpenStreetMap,
Mid-Mountain Trail,Park City / PCMR,40.64534582424172,-111.53118141177607,18.51272067997981,52,53,OpenStreetMap,
Miner's Mile,Park City / PCMR,40.62728968091632,-111.51804021102016,0.3540798612341984,5,6,OpenStreetMap,
Mojave,Park City / PCMR,40.634971780917176,-111.5211432294971,0.9499789145357528,4,5,OpenStreetMap,
Moose Tracks Trail,Park City / PCMR,40.59516414126596,-111.57427709390586,0.9482843470853516,4,5,OpenStreetMap,
Moosehouse,Park City / PCMR,40.63204398195126,-111.5038481086022,0.3062561137781002,1,2,OpenStreetMap,
Old Stage Crest Connect,Park City / PCMR,40.61247305094488,-111.5715274805363,0.3344944466360897,1,2,OpenStreetMap,
Payday,Park City / PCMR,40.64053545819342,-111.51124538504462,1.6578445014012289,7,8,OpenStreetMap,
Perrier Pass,Park City / PCMR,40.61814002894983,-111.53826776190397,0.1195695840680592,1,2,OpenStreetMap,
Pinecone Ridge,Park City / PCMR,40.63337906740186,-111.54644099265712,3.9309991287172,2,3,OpenStreetMap,
Pioneer Ridge,Park City / PCMR,40.61649374604546,-111.53892521633333,0.7767517912685624,5,6,OpenStreetMap,
Powerline Trail,Park City / PCMR,40.63015217582808,-111.53743024085954,0.6425841178093065,2,3,OpenStreetMap,
Red Bull,Park City / PCMR,40.63958635838598,-111.51326842477698,1.2102526894976444,5,6,OpenStreetMap,
Richochet,Park City / PCMR,40.68638148266805,-111.57139393545772,2.4846855392912626,13,14,OpenStreetMap,
Rock Chuck Trail,Park City / PCMR,40.58874474594925,-111.56839301918852,1.0077375525097023,3,4,OpenStreetMap,
Rogue Rider Trail,Park City / PCMR,40.60699361060532,-111.56187339427328,2.151498304166323,18,17,OpenStreetMap,
Rosebud,Park City / PCMR,40.63966083548988,-111.52257618003053,0.4046585947783027,3,4,OpenStreetMap,
Rosebud's Heaven,Park City / PCMR,40.69195554103422,-111.5659528759652,2.109044841061128,2,3,OpenStreetMap,
SOS,Park City / PCMR,40.666448184385416,-111.48116864087982,0.2614854280682154,1,2,OpenStreetMap,
Scott's Bypass,Park City / PCMR,40.612047856355446,-111.55918064050742,1.3748730967894798,2,3,OpenStreetMap,
Seldom Seen,Park City / PCMR,40.64892938917546,-111.51571616491609,1.9030165817159364,7,8,OpenStreetMap,
Shadow Lake,Park City / PCMR,40.61596037279941,-111.55009628848111,0.8338649151150108,3,4,OpenStreetMap,
Short Fuse,Park City / PCMR,40.6346970517688,-111.52339576593836,0.3171547261851281,1,2,OpenStreetMap,
Silver Queen,Park City / PCMR,40.63391819864852,-111.51755091640152,0.9580834923564564,1,2,OpenStreetMap,
Silver Spur,Park City / PCMR,40.65266965116334,-111.5117818738982,0.6613452460505429,8,9,OpenStreetMap,
Skid Row,Park City / PCMR,40.66845831872771,-111.47381352761975,1.228688630949173,3,4,OpenStreetMap,
Snake Pit Trail,Park City / PCMR,40.58750533085767,-111.57189033610032,1.0930327267451514,4,5,OpenStreetMap,
South Sweeney,Park City / PCMR,40.64194117786604,-111.49870009761844,0.6611871113329626,5,6,OpenStreetMap,
Spiro Trail,Park City / PCMR,40.64755384631944,-111.52407012433112,3.086557445228568,9,10,OpenStreetMap,
Steps,Park City / PCMR,40.63116043759045,-111.5173271228493,1.0271865786170828,5,6,OpenStreetMap,
Stiff Upper Lip,Park City / PCMR,40.61611691879028,-111.52987009616064,0.5478703892584404,3,4,OpenStreetMap,
Sweeney Switchbacks,Park City / PCMR,40.64428684826398,-111.50263935593632,1.0134383788578578,3,4,OpenStreetMap,
Sweeneys,Park City / PCMR,40.6416793962084,-111.50380066992643,0.3059058167097205,5,6,OpenStreetMap,
Thaynes Canyon,Park City / PCMR,40.62644528922062,-111.539067377105,1.171831613979995,3,4,OpenStreetMap,
Three Candles,Park City / PCMR,40.62931137475258,-111.52248914366156,0.736203524043283,1,2,OpenStreetMap,
Tommys Two Step,Park City / PCMR,40.629024211109055,-111.51829238121942,1.5425276492714048,5,6,OpenStreetMap,
Town,Park City / PCMR,40.64755940729975,-111.49861999854691,0.1071943441342347,2,3,OpenStreetMap,
Trestle,Park City / PCMR,40.63650074050743,-111.50791633233914,1.2563377707356245,11,12,OpenStreetMap,
Upper Loose,Park City / PCMR,40.64060205866311,-111.5081407284332,0.3297738671152663,1,2,OpenStreetMap,
Upper Loose Moose,Park City / PCMR,40.64060459750891,-111.5062344507794,0.1773282288689789,1,2,OpenStreetMap,
Wasatch Crest Connect,Park City / PCMR,40.616974136223725,-111.55736099806312,1.7334255358820347,10,11,OpenStreetMap,
Wasatch Wiggle Trail,Park City / PCMR,40.58570056880523,-111.57390345809982,1.823392089659444,5,6,OpenStreetMap,
BYOB,Pinebrook,40.718283985000745,-111.55661288864135,0.6534171971818998,5,6,OpenStreetMap,
Canyons Downhill,Pinebrook,40.68430916809496,-111.56849091879047,1.2349972851489512,1,2,OpenStreetMap,
Ecker Hill Trail,Pinebrook,40.740364526144575,-111.5667817840803,0.5065013929210281,3,4,OpenStreetMap,
Gorgoza Park,Pinebrook,40.75144469967726,-111.581432624726,1.639316024629228,3,4,OpenStreetMap,
High Meadows Connector,Pinebrook,40.74134938710701,-111.56847869190176,0.1519029057589137,1,2,OpenStreetMap,
Holly's,Pinebrook,40.68604417524608,-111.57782170773478,2.155907893140113,5,6,OpenStreetMap,
Moose Puddle,Pinebrook,40.70548588260783,-111.56718578772085,3.3616251296423325,6,7,OpenStreetMap,
OMH,Pinebrook,40.71997692753587,-111.55773747935044,0.8914186515580015,1,2,OpenStreetMap,
Olympic,Pinebrook,40.69996684096533,-111.57868853500152,1.1975079731476488,1,2,OpenStreetMap,
Pinebrook Point,Pinebrook,40.75079411917499,-111.57994193527573,0.2881355953837226,2,3,OpenStreetMap,
Pinebrook Pointe South,Pinebrook,40.74959135152933,-111.5795998040212,0.1134043234835374,1,2,OpenStreetMap,
Pinebrook Southeast Perimeter / Hunter's Trail of the Mid Mountain,Pinebrook,40.71419878562093,-111.5896757552273,4.525811705643719,1,2,OpenStreetMap,
Pinebrook Southeast Perimeter / Pinebrook SE Perimeter,Pinebrook,40.72863077219642,-111.58102679054537,1.699187531263875,1,2,OpenStreetMap,
Pinebrook Southeast Perimeter Trail,Pinebrook,40.73058687532795,-111.57244227312069,3.880521017620167,5,6,OpenStreetMap,
Powerline,Pinebrook,40.74237998272819,-111.5716363238219,0.3434758479310734,2,3,OpenStreetMap,
Powerline Connector,Pinebrook,40.74298978990414,-111.5728828415412,0.1379497777037637,1,2,OpenStreetMap,
Rob's Trail,Pinebrook,40.69704664952428,-111.5702364046946,2.135786089441396,3,4,OpenStreetMap,
Tall Oaks Circle,Pinebrook,40.73938310561022,-111.57541687830556,0.2701610359040627,1,2,OpenStreetMap,
Yeti's,Pinebrook,40.70910944007779,-111.57083697014414,3.001535224781529,11,10,OpenStreetMap,
Amenti,Round Valley,40.71749758221375,-111.50096260266577,0.6201527187356672,5,6,OpenStreetMap,
Ancient Forest Loop,Round Valley,40.7314260153664,-111.49224006112888,1.0088314000247345,1,2,OpenStreetMap,
Ashley Avenue,Round Valley,40.68155854272997,-111.50389122653404,0.3878409183241668,1,2,OpenStreetMap,
Backslide,Round Valley,40.686236769495366,-111.49111386346571,1.0187654729293538,4,5,OpenStreetMap,
Bamm Bamm,Round Valley,40.71001316656963,-111.50256230173504,0.4041968793867334,1,2,OpenStreetMap,
Barrel Roll,Round Valley,40.69153134198254,-111.48458530535574,0.3669888734172983,2,3,OpenStreetMap,
Big Easy,Round Valley,40.696128326880846,-111.48285293654745,4.8269436046071705,12,13,OpenStreetMap,
Bourbon Street,Round Valley,40.70798253656,-111.48164466049944,0.2584540618096012,1,2,OpenStreetMap,
Bronto Jam,Round Valley,40.71004954775594,-111.501977414722,0.4627420126832732,1,2,OpenStreetMap,
Cammy's,Round Valley,40.69072662264133,-111.49673800313964,0.2430864375303162,4,5,OpenStreetMap,
Downward Dog,Round Valley,40.68865758594976,-111.48489883261024,1.5754699777071195,3,4,OpenStreetMap,
Eagle Cove,Round Valley,40.68665016051084,-111.49786169389527,0.126857981573994,1,2,OpenStreetMap,
Equestrian,Round Valley,40.70215181343843,-111.50219785223597,0.7015956398226353,4,5,OpenStreetMap,
Euston,Round Valley,40.65772556817424,-111.48315877249176,0.3602988732150772,2,3,OpenStreetMap,
Fairway Hills Trail,Round Valley,40.67853348641883,-111.47699791832557,0.329661526415702,2,3,OpenStreetMap,
Fast Pitch Trail,Round Valley,40.6798165110769,-111.47671870073196,1.3230966189034814,7,8,OpenStreetMap,
Field Stone,Round Valley,40.71706243943152,-111.49059329339536,0.3748577406112056,2,3,OpenStreetMap,
Fox Tail Trail,Round Valley,40.66564803508002,-111.47503092801368,0.7903515237253332,4,5,OpenStreetMap,
Gambel Oak Cut,Round Valley,40.65967079074984,-111.47871602858976,0.2825752537940119,1,2,OpenStreetMap,
Happy Gilmor,Round Valley,40.70712360033319,-111.5014684546231,2.0414220867562056,14,15,OpenStreetMap,
Happy Trailside,Round Valley,40.708413441306845,-111.50471867526606,0.1440901138707861,2,3,OpenStreetMap,
Hat Trick Trail,Round Valley,40.678830976721535,-111.47596646172724,1.3099808312583217,5,6,OpenStreetMap,
High Side,Round Valley,40.69388247977245,-111.4770589235944,0.5549129452262923,1,2,OpenStreetMap,
Kari's,Round Valley,40.69160040530727,-111.47515847036864,0.8242142951974101,2,3,OpenStreetMap,
La Dee Duh,Round Valley,40.69261799590889,-111.5001632592338,0.9507017857018896,4,5,OpenStreetMap,
Lynx #2,Round Valley,40.66734087696376,-111.46694625830712,1.5756217268412172,3,4,OpenStreetMap,
Matt's Flat,Round Valley,40.68924275786925,-111.49221205396208,0.9927422892442336,13,14,OpenStreetMap,
Mountain Ranch Estates,Round Valley,40.7173985998433,-111.50812726137713,1.4037578124872,13,14,OpenStreetMap,
Mountain Willow,Round Valley,40.71402930681007,-111.48565937361776,0.3535045636364693,1,2,OpenStreetMap,
Mr Muchrocks,Round Valley,40.70904482572548,-111.50323360919846,0.5037211665124999,10,11,OpenStreetMap,
Nick NAC,Round Valley,40.69210865876878,-111.490120990647,0.1333699109363034,4,5,OpenStreetMap,
Nowhere Elks,Round Valley,40.69018989582584,-111.48311322310164,1.2758017113875393,10,11,OpenStreetMap,
PorcUclimb,Round Valley,40.69402326414524,-111.48517031749344,0.802158431556794,3,4,OpenStreetMap,
Practice Loops,Round Valley,40.68336469607561,-111.47532267974417,0.5628768131850682,4,5,OpenStreetMap,
Pulp Friction,Round Valley,40.69884233324062,-111.50344523686547,1.38302990451943,2,3,OpenStreetMap,
Quinn's Connect,Round Valley,40.68185946906874,-111.4726829059293,0.4939434785004416,4,5,OpenStreetMap,
Rademan Ridge,Round Valley,40.69522706920315,-111.49835765815162,1.3367658963568754,10,11,OpenStreetMap,
Ramble On,Round Valley,40.70159467934347,-111.48028465593316,2.814865841371379,5,6,OpenStreetMap,
Rambler,Round Valley,40.69772226627651,-111.49065578495473,5.416205714045331,21,22,OpenStreetMap,
Rambler DT,Round Valley,40.699080350519786,-111.50674680507665,0.2305178170430023,1,2,OpenStreetMap,
RocMon,Round Valley,40.68788668982749,-111.4548390225179,0.5590620051312057,1,2,OpenStreetMap,
Round Valley Connect,Round Valley,40.70875221615484,-111.50427592382064,0.1195327127740979,4,5,OpenStreetMap,
Round Valley Connector,Round Valley,40.709506874143365,-111.48774034228174,1.923446131207782,14,14,OpenStreetMap,
Round Valley Express,Round Valley,40.69308554123404,-111.4897696424948,3.673050614354681,28,28,OpenStreetMap,
Rusty Shovel,Round Valley,40.69776625143012,-111.4804885556652,1.6576899125243745,1,2,OpenStreetMap,
Rusty Spur,Round Valley,40.70159189598121,-111.4765958017646,0.1232911364079461,2,3,OpenStreetMap,
SQ Connector Trail,Round Valley,40.68949659271035,-111.47067515084642,0.2778453173735368,2,3,OpenStreetMap,
Saved By The Bell,Round Valley,40.71689792497153,-111.49958806368429,1.2879197121150288,9,10,OpenStreetMap,
Seventy 101,Round Valley,40.68968411592925,-111.49103639156762,0.4149126989718539,4,5,OpenStreetMap,
Silver Creek Trail,Round Valley,40.728195917662575,-111.48449884114967,1.5007527883111849,3,4,OpenStreetMap,
Silver Gate,Round Valley,40.72728013881357,-111.46748664430804,0.4310718574879157,5,6,OpenStreetMap,
Sloppy Joe,Round Valley,40.71599935057343,-111.49742827056478,0.3312919889127892,1,2,OpenStreetMap,
Somewhere Elks,Round Valley,40.68702802029736,-111.47813858810876,0.9545314589567504,1,2,OpenStreetMap,
South Canyon,Round Valley,40.697084178294816,-111.45372200426904,3.956260431627382,2,3,OpenStreetMap,
Sunny Slopes Trail,Round Valley,40.68377753714063,-111.48540217687854,0.1238837904180493,3,4,OpenStreetMap,
TSP Skils Area,Round Valley,40.70929244417837,-111.50545423904256,0.3144598032521032,12,11,OpenStreetMap,
Tar Pits Jump Line,Round Valley,40.70948336187246,-111.50501444482678,0.1137408600215062,2,3,OpenStreetMap,
The Great Gazoo,Round Valley,40.70997890100696,-111.50140660314835,0.4774335634393079,1,2,OpenStreetMap,
Tim Man,Round Valley,40.70348842863846,-111.50080894755244,1.4313906993806629,4,5,OpenStreetMap,
Trailside,Round Valley,40.71864159830864,-111.50336949570412,0.1336978553050026,2,3,OpenStreetMap,
Trailside Connector,Round Valley,40.71611276967259,-111.5017965665912,0.1025662080838177,1,2,OpenStreetMap,
Trailside Loop,Round Valley,40.71199117049012,-111.50483999800892,1.2478704334332318,19,19,OpenStreetMap,
Truckhole,Round Valley,40.704351116822174,-111.50022157042804,0.6522932844577867,4,5,OpenStreetMap,
Unga Bunga Skills and Pump Tradk,Round Valley,40.71158064400824,-111.50217787755837,0.2154924693046523,11,9,OpenStreetMap,
Up Track,Round Valley,40.71007968280768,-111.50314659118624,0.502449343667892,17,18,OpenStreetMap,
Wasatch,Round Valley,40.742724215036304,-111.49568804225927,1.5775080558002732,9,10,OpenStreetMap,
Yabba Dabba Doo,Round Valley,40.71031601545331,-111.5039304608668,0.2606656020311819,1,2,OpenStreetMap,
A Toll New World,Summit Park,40.74525880222984,-111.59660432287036,1.3199893411215402,1,2,OpenStreetMap,
Alexander Creek Trail,Summit Park,40.75856130522611,-111.67962308025976,0.7556387957061136,1,2,OpenStreetMap,
Dead Reckoning,Summit Park,40.74804102527887,-111.5901705440554,0.5811514147534005,1,2,OpenStreetMap,
Discovery,Summit Park,40.74903521550762,-111.59463162387972,0.447115427740376,5,6,OpenStreetMap,
Hidden Cove,Summit Park,40.756655895607175,-111.597334386164,0.1768928860880538,1,2,OpenStreetMap,
Little Engine Trail,Summit Park,40.756690732809,-111.59562244098744,0.251119741016382,2,3,OpenStreetMap,
Moose Hollow,Summit Park,40.76397899834495,-111.58866445905328,0.954982345096457,2,3,OpenStreetMap,
No Worries,Summit Park,40.73716048778493,-111.60234213265907,2.143146367786249,1,2,OpenStreetMap,
Pale Green Dot,Summit Park,40.74689592786439,-111.59182437672968,0.9578629059030004,1,2,OpenStreetMap,
Parley's Lane,Summit Park,40.75375624958085,-111.59849347383722,0.9976139571246816,4,5,OpenStreetMap,
Road to WOS,Summit Park,40.73344363030311,-111.61407104321202,2.846894499542623,4,5,OpenStreetMap,
Short Ribs,Summit Park,40.7348537895427,-111.62048055745409,0.2382647489870312,1,2,OpenStreetMap,
Short Stack,Summit Park,40.73936874753804,-111.6200542747078,1.5298419589516867,2,3,OpenStreetMap,
Spare Change,Summit Park,40.74164553017363,-111.60031464541484,0.278084249654691,1,2,OpenStreetMap,
The Avenues,Summit Park,40.75998198374273,-111.6028265058925,1.7294010502001815,2,3,OpenStreetMap,
The Sheep Trail,Summit Park,40.75746633469589,-111.667341513995,2.1588708273199493,4,5,OpenStreetMap,
The Up Trail,Summit Park,40.74822119025095,-111.58934600493023,1.0089891491898684,4,5,OpenStreetMap,
The Upper Avenues,Summit Park,40.75942210135698,-111.60997791538348,1.4526363665703086,1,2,OpenStreetMap,
Great Western Trail,Wasatch Crest / Millcreek,40.77286580912175,-111.6406537725031,4.063745438997692,3,4,OpenStreetMap,
Great Western Trail / Great Western Trail bypass,Wasatch Crest / Millcreek,40.7535574542296,-111.6313027356856,1.37457545430615,2,3,OpenStreetMap,
