trail_name,sampled_length_miles,topography_sample_count,minimum_elevation_feet,maximum_elevation_feet,mean_elevation_feet,elevation_range_feet,mean_slope_degrees,median_slope_degrees,maximum_slope_degrees,north_facing_pct,east_facing_pct,south_facing_pct,west_facing_pct,final_area,latitude,longitude,distance_miles,source
Cousin Eddy Trail,0.5,44,6718.9,6929.3,6817.2,210.3,12.7,12.6,22.5,0.0,0.0,29.5,70.5,Clark Ranch,40.66170094764518,-111.45386933866466,0.5029713823608252,OpenStreetMap
Family Truckster Trail,0.7,59,6733.2,6970.1,6847.4,236.9,11.5,11.2,18.1,0.0,0.0,30.5,69.5,Clark Ranch,40.66038172048119,-111.452885753204,0.7140480173629205,OpenStreetMap
Lower Sparky Trail,1.5,128,6645.8,6769.7,6689.8,124.0,4.2,3.5,14.5,0.0,7.0,36.7,56.2,Clark Ranch,40.66761130235187,-111.4559551589961,1.4828649352522327,OpenStreetMap
Princess Di's,2.9,234,6662.7,7029.2,6858.8,366.5,17.2,17.8,28.0,32.1,1.3,27.8,38.9,Clark Ranch,40.751465442037045,-111.43628535405452,2.8912212182837727,OpenStreetMap
Sparky's Return,0.4,32,6750.7,6826.6,6783.6,75.9,11.3,11.6,16.9,0.0,15.6,21.9,62.5,Clark Ranch,40.6617858998794,-111.45698342605078,0.3675610486753038,OpenStreetMap
Upper Sparky Trail,1.9,159,6752.0,6971.6,6878.4,219.6,13.5,12.2,28.4,0.6,54.7,25.2,19.5,Clark Ranch,40.6599723509711,-111.45534390616216,1.9221996212174948,OpenStreetMap
4:20,0.4,36,7754.7,7849.9,7810.7,95.2,17.8,17.9,26.6,0.0,0.0,22.2,77.8,Deer Valley,40.63850725810498,-111.5016215026881,0.4123137984071924,OpenStreetMap
Agitator Trail,1.2,101,7047.5,7374.2,7171.6,326.7,24.5,24.5,33.9,22.8,0.0,42.6,34.7,Deer Valley,40.62594479567907,-111.46053082324435,1.2173080681452455,OpenStreetMap
April Mountain Trail,0.6,56,7336.4,7548.4,7472.0,212.0,12.0,11.8,23.4,46.4,35.7,5.4,12.5,Deer Valley,40.650711302598815,-111.4870593388075,0.6114526256825485,OpenStreetMap
Aspen Slalom,1.4,121,8481.2,9250.5,8816.9,769.3,18.7,18.5,29.6,0.0,39.7,59.5,0.8,Deer Valley,40.61311265842392,-111.48457791355952,1.3686273337883368,OpenStreetMap
Black Forest,0.8,66,8567.5,9099.9,8929.3,532.5,15.9,16.4,31.7,3.0,9.1,77.3,10.6,Deer Valley,40.61940428916709,-111.52036519166067,0.781123178236649,OpenStreetMap
Bonanza Flat Overlook,0.1,10,9086.5,9126.7,9112.3,40.2,13.8,14.1,20.1,70.0,0.0,10.0,20.0,Deer Valley,40.60116766018752,-111.5344182482656,0.1087655176126544,OpenStreetMap
Bonanza Loop Trail,4.8,405,8695.4,9086.5,8908.5,391.1,11.5,11.2,26.8,44.0,4.9,11.1,40.0,Deer Valley,40.60282163896819,-111.52815381158308,4.834329729028415,OpenStreetMap
Bonanza Trail,0.3,22,6806.6,6827.9,6814.3,21.4,16.8,16.8,23.7,0.0,4.5,95.5,0.0,Deer Valley,40.661614248984336,-111.49584605339936,0.2584346499388613,OpenStreetMap
Boulder,1.4,117,8415.7,8851.3,8635.0,435.6,15.8,15.5,21.0,0.0,19.7,80.3,0.0,Deer Valley,40.61539223980999,-111.50399769475118,1.4191229167481687,OpenStreetMap
Boulder / Trump,0.4,35,8942.9,9037.1,8996.4,94.2,12.9,12.6,22.7,0.0,8.6,60.0,31.4,Deer Valley,40.610998229404565,-111.50208555144307,0.4170315969258124,OpenStreetMap
Bow Hunter,0.7,63,8978.5,9076.6,9020.3,98.1,21.4,21.6,33.7,28.6,0.0,0.0,71.4,Deer Valley,40.60108596513679,-111.48484426536052,0.7280469316749235,OpenStreetMap
Bow Hunter Extension,0.2,21,8991.5,9031.2,9014.7,39.7,17.1,20.8,26.6,28.6,9.5,19.0,42.9,Deer Valley,40.59796119210968,-111.4848069886625,0.2307089827258786,OpenStreetMap
Corvair,1.3,113,8388.6,8848.4,8648.6,459.7,19.4,19.3,30.4,0.0,7.1,73.5,19.5,Deer Valley,40.61099169805087,-111.51230389508405,1.3049431257114052,OpenStreetMap
Corvair (Upper),0.7,62,8839.3,8949.2,8883.3,109.9,19.9,19.0,29.7,0.0,0.0,43.5,56.5,Deer Valley,40.60840912265719,-111.51090449857222,0.71810824957051,OpenStreetMap
Corvair Connector,0.1,10,8779.5,8843.9,8812.1,64.4,12.3,11.4,17.1,0.0,0.0,80.0,20.0,Deer Valley,40.61070239150149,-111.5115633319795,0.1021717936303133,OpenStreetMap
Daily Overlook,0.3,24,7365.3,7455.3,7430.4,90.0,30.3,31.4,34.2,0.0,0.0,0.0,100.0,Deer Valley,40.631723443280656,-111.4987920660294,0.2777557161436172,OpenStreetMap
Daly Avenue,0.8,67,7254.7,7610.0,7430.3,355.3,10.6,9.1,24.0,0.0,6.0,10.4,83.6,Deer Valley,40.63079192228995,-111.49966938212476,0.7863482675021584,OpenStreetMap
Daly Bypass,0.3,30,7324.2,7370.0,7351.3,45.8,30.0,33.0,38.7,0.0,0.0,3.3,96.7,Deer Valley,40.63469577874592,-111.4972952534869,0.3382822056798643,OpenStreetMap
Daly Canyon,0.4,40,7856.6,8124.1,7986.4,267.5,10.4,9.7,18.5,0.0,17.5,55.0,27.5,Deer Valley,40.620194319264456,-111.50922727258838,0.4118589210970415,OpenStreetMap
Daly Grind,0.3,28,7630.5,7856.6,7745.3,226.1,10.8,9.8,18.2,0.0,0.0,14.3,85.7,Deer Valley,40.62436395642222,-111.5065519695764,0.3276221065095611,OpenStreetMap
Deer Camp,0.7,65,8822.7,8995.5,8920.6,172.8,10.1,10.4,15.8,0.0,69.2,18.5,12.3,Deer Valley,40.60519585339864,-111.4911066437841,0.7066529041961844,OpenStreetMap
Deer Crest,2.0,175,7265.1,7950.3,7612.2,685.3,21.7,21.4,38.3,0.0,50.3,49.1,0.6,Deer Valley,40.63553157935396,-111.47424740401932,1.9905131675984973,OpenStreetMap
Devo,0.2,17,7893.9,8016.5,7963.4,122.6,11.3,9.9,17.7,0.0,0.0,47.1,52.9,Deer Valley,40.6296740826892,-111.48374523511592,0.1550254321075795,OpenStreetMap
Empire Alternate,0.1,10,7918.3,7974.4,7943.1,56.0,16.3,16.4,21.6,0.0,0.0,100.0,0.0,Deer Valley,40.62635819528807,-111.50016350153602,0.1095037763895134,OpenStreetMap
Empire Link,2.2,191,7856.6,8281.6,8022.2,425.0,22.6,23.7,35.5,4.7,19.4,50.3,25.7,Deer Valley,40.62422557470265,-111.50748256286928,2.2026734775219,OpenStreetMap
Empire Lodge,0.4,39,8326.0,8614.8,8439.2,288.7,13.0,12.8,26.8,28.2,0.0,5.1,66.7,Deer Valley,40.61442062316093,-111.51298418240138,0.3990093717656819,OpenStreetMap
Empire Pass Connector,0.4,41,8924.0,8965.9,8948.4,41.9,12.8,13.4,22.3,87.8,2.4,0.0,9.8,Deer Valley,40.60627316294136,-111.51481095351645,0.4445298999402851,OpenStreetMap
Finns,0.3,27,7140.8,7279.6,7214.2,138.8,24.0,24.7,36.1,0.0,96.3,3.7,0.0,Deer Valley,40.640763495812735,-111.47689190658058,0.3221560899820196,OpenStreetMap
Fireswamp,0.7,67,8482.6,9273.9,8873.0,791.3,18.8,19.8,25.9,0.0,0.0,100.0,0.0,Deer Valley,40.61340925382439,-111.48239833860336,0.7370914838453253,OpenStreetMap
Flagstaff Loop,3.0,277,8785.5,9010.6,8898.0,225.2,10.1,10.0,23.7,8.7,13.0,40.1,38.3,Deer Valley,40.60758047007656,-111.496735533601,3.0228944351889417,OpenStreetMap
Gap Bypass Trail,0.4,39,7278.0,7326.5,7306.6,48.5,24.8,27.1,36.1,0.0,64.1,35.9,0.0,Deer Valley,40.64123747413292,-111.47577580871994,0.3812804280106275,OpenStreetMap
Gap Loop,1.9,166,7303.7,7618.9,7445.8,315.2,23.3,24.7,35.9,8.4,27.1,40.4,24.1,Deer Valley,40.6409109833561,-111.47399614902376,1.9224854744893047,OpenStreetMap
Grave Digger,0.5,38,7659.8,7734.0,7682.6,74.2,24.7,26.7,36.3,10.5,0.0,2.6,86.8,Deer Valley,40.62962271716946,-111.50201210924322,0.4549010474108758,OpenStreetMap
Heard It Both Ways Trail,3.6,303,8658.9,9073.5,8855.0,414.5,15.0,14.9,30.6,38.3,18.2,15.2,28.4,Deer Valley,40.593082879194085,-111.49125770411068,3.5945179360871347,OpenStreetMap
Holy Roller,4.2,361,8121.6,9298.2,8716.2,1176.6,17.9,17.7,32.1,20.8,29.4,36.0,13.9,Deer Valley,40.6113609111251,-111.48708066137604,4.160330612011111,OpenStreetMap
Humdinger,3.2,263,7250.4,7937.0,7537.3,686.7,23.0,24.0,33.5,25.1,0.0,45.2,29.7,Deer Valley,40.626356336628135,-111.46720603877804,3.2287801918582923,OpenStreetMap
Io Trail (Middle),0.3,26,9253.3,9432.7,9342.5,179.3,18.6,22.1,28.2,92.3,0.0,0.0,7.7,Deer Valley,40.61025792344493,-111.52770861008732,0.2892459757328841,OpenStreetMap
Izzy's Inferno (Dog Pound),0.1,14,8143.3,8219.5,8193.5,76.2,12.8,13.0,23.6,0.0,0.0,85.7,14.3,Deer Valley,40.619811878384205,-111.48856422719636,0.132612509409433,OpenStreetMap
Jeep Hill (Safety Coridoor),0.2,18,8699.5,8951.8,8820.6,252.3,12.6,13.1,16.8,100.0,0.0,0.0,0.0,Deer Valley,40.60451306969404,-111.50923514571896,0.206925249538742,OpenStreetMap
Johns 99,0.6,52,8182.7,8279.9,8231.6,97.1,22.2,21.3,31.9,26.9,0.0,36.5,36.5,Deer Valley,40.62450457371346,-111.51231498110546,0.6211821280305257,OpenStreetMap
Lavina,1.0,82,8267.0,8818.5,8621.7,551.5,13.7,12.4,29.5,68.3,13.4,9.8,8.5,Deer Valley,40.58376333945228,-111.52567195673171,0.9723264343001689,OpenStreetMap
Link,0.7,62,8257.2,8456.8,8385.3,199.6,21.9,23.1,32.9,1.6,0.0,67.7,30.6,Deer Valley,40.624117394272574,-111.51614328186776,0.6685074356578963,OpenStreetMap
Little Chief,0.7,64,8247.5,8462.5,8322.6,215.0,21.5,20.5,33.1,0.0,0.0,3.1,96.9,Deer Valley,40.61872839208637,-111.51243052868438,0.7459059804719618,OpenStreetMap
Little Stick,0.3,31,7332.1,7603.8,7464.6,271.7,17.1,14.2,26.8,0.0,48.4,51.6,0.0,Deer Valley,40.63409637421967,-111.478301770839,0.3366888443803764,OpenStreetMap
Lower Devo Trail,1.1,98,7249.7,8016.5,7656.5,766.9,19.4,18.7,30.6,0.0,0.0,27.6,72.4,Deer Valley,40.63290230557317,-111.48205615844142,1.1211882501001214,OpenStreetMap
Lower Village,0.3,26,6930.4,7071.0,7008.1,140.7,23.1,24.2,29.4,0.0,0.0,69.2,30.8,Deer Valley,40.64043848354113,-111.46360640728942,0.3080748570651492,OpenStreetMap
McHenry Avenue,0.3,25,7264.9,7287.3,7274.9,22.4,23.9,24.5,32.6,0.0,100.0,0.0,0.0,Deer Valley,40.640126864152855,-111.49219625319049,0.2904287520988196,OpenStreetMap
Moose Poop,0.2,20,7512.7,7714.9,7607.1,202.2,15.5,14.9,25.8,20.0,0.0,5.0,75.0,Deer Valley,40.633538239133244,-111.50120248027572,0.2349675383719401,OpenStreetMap
Moosebones,0.9,80,8763.2,8943.9,8857.2,180.7,15.8,17.3,22.9,0.0,52.5,46.2,1.2,Deer Valley,40.61167254823319,-111.50326786094648,0.9058066841005448,OpenStreetMap
Mother Urban,2.4,199,7668.3,8272.5,7904.1,604.2,21.4,20.4,38.1,14.1,0.0,29.6,56.3,Deer Valley,40.63167066031289,-111.5034058570439,2.364637954787108,OpenStreetMap
NCS,0.7,64,7538.6,8347.5,7992.5,808.9,21.0,19.3,37.7,0.0,6.2,70.3,23.4,Deer Valley,40.62911396321707,-111.4803727621932,0.6805296080278715,OpenStreetMap
OMG,0.3,25,7486.1,7662.1,7571.3,176.0,27.8,29.0,32.3,0.0,72.0,28.0,0.0,Deer Valley,40.631226274970665,-111.4973428195913,0.2726891782397382,OpenStreetMap
Old Homeward Bound,0.7,59,8264.5,8597.2,8441.1,332.7,23.2,23.8,29.4,0.0,71.2,28.8,0.0,Deer Valley,40.61357496233911,-111.48964629692756,0.6855619356578508,OpenStreetMap
Old Skool,0.4,36,7642.0,7986.8,7827.2,344.8,13.0,12.6,19.9,0.0,2.8,91.7,5.6,Deer Valley,40.631898683587,-111.48423208918877,0.4053651948438035,OpenStreetMap
Ontario Canyon,2.0,190,8138.9,9327.9,8755.1,1189.0,12.1,11.9,26.1,7.9,28.4,56.8,6.8,Deer Valley,40.61130277448227,-111.48755898005427,1.9738478900894416,OpenStreetMap
Ontario Ridge,0.2,21,7722.8,7903.4,7815.3,180.6,9.9,9.9,15.1,0.0,0.0,57.1,42.9,Deer Valley,40.62821582013441,-111.49780973717266,0.2246842113577315,OpenStreetMap
Ore Cart,0.3,24,8064.8,8251.4,8146.4,186.6,22.7,23.7,28.3,25.0,0.0,0.0,75.0,Deer Valley,40.621755910380834,-111.51139929264724,0.276968196259141,OpenStreetMap
Outlook,0.5,45,7621.6,7707.0,7646.2,85.3,21.5,20.9,30.1,0.0,13.3,51.1,35.6,Deer Valley,40.63657831428653,-111.4685462481628,0.5068758273560625,OpenStreetMap
Payroll,0.3,29,8529.1,8727.3,8630.4,198.1,18.9,19.2,27.9,0.0,3.4,13.8,82.8,Deer Valley,40.61095393430099,-111.5094443089702,0.3432297813282242,OpenStreetMap
Pedalers Inn,0.3,24,8165.9,8405.8,8286.8,239.9,16.8,17.9,22.3,0.0,8.3,91.7,0.0,Deer Valley,40.61923438649311,-111.4865707901735,0.2637280489646287,OpenStreetMap
Pipeline,1.7,141,7071.0,7635.0,7356.9,563.9,21.4,21.4,30.9,0.0,18.4,81.6,0.0,Deer Valley,40.63885618836171,-111.46966538134832,1.6682312832818753,OpenStreetMap
Pointy Rocks,0.2,18,7323.2,7519.3,7428.0,196.1,22.1,22.9,31.8,0.0,0.0,11.1,88.9,Deer Valley,40.63679995846106,-111.48172224533342,0.1824405175632854,OpenStreetMap
Prospect,0.6,52,7306.8,7711.1,7482.8,404.3,11.0,10.3,21.4,0.0,19.2,78.8,1.9,Deer Valley,40.63405408516434,-111.49547333835608,0.5879842900161183,OpenStreetMap
Regulator Trail,1.4,120,7733.1,8330.3,8033.8,597.1,22.2,21.4,35.8,0.0,25.0,66.7,8.3,Deer Valley,40.62910164594688,-111.48142418804063,1.399710702258098,OpenStreetMap
Rinse Cycle Trail,2.6,213,6863.6,7603.9,7191.1,740.3,21.5,21.4,33.6,18.3,0.0,16.4,65.3,Deer Valley,40.62990230274806,-111.45944053119273,2.5523255342373106,OpenStreetMap
Ripple Trail,2.6,235,7239.4,7945.4,7588.0,706.0,19.9,19.6,34.1,0.0,28.5,45.5,26.0,Deer Valley,40.63554405253732,-111.47490110184252,2.6251753255560235,OpenStreetMap
Rossi Hill Trail,1.5,134,7288.7,7458.0,7341.8,169.4,18.8,19.8,32.7,0.0,56.0,41.0,3.0,Deer Valley,40.63808222920599,-111.4919292526201,1.4888740362136077,OpenStreetMap
Sam's Trail,0.9,80,8032.3,8261.1,8145.3,228.8,21.8,22.0,27.6,0.0,47.5,13.8,38.8,Deer Valley,40.61912724197413,-111.50964994268364,0.926673992414654,OpenStreetMap
Secret of My Success Trail,0.4,42,8228.9,8353.6,8293.6,124.7,19.1,20.0,25.2,0.0,59.5,40.5,0.0,Deer Valley,40.62597453280468,-111.48566192002252,0.4486417936052037,OpenStreetMap
Shenanigans,0.2,14,8225.2,8255.4,8237.7,30.3,16.3,16.2,19.8,0.0,0.0,85.7,14.3,Deer Valley,40.62034189886961,-111.49849814997506,0.1514953692023571,OpenStreetMap
Snowtop,1.7,137,7307.2,7590.1,7443.3,283.0,19.4,21.1,29.7,41.6,14.6,19.7,24.1,Deer Valley,40.64752229561398,-111.4705824068134,1.664563155031297,OpenStreetMap
Solamere,2.3,203,7128.6,7460.6,7304.0,332.0,20.7,21.1,32.5,14.8,80.3,3.0,2.0,Deer Valley,40.65168830951934,-111.47267426337083,2.341786068263191,OpenStreetMap
Solamere Connector,1.0,86,7128.4,7532.8,7331.1,404.4,18.6,20.2,27.4,0.0,0.0,15.1,84.9,Deer Valley,40.651338463153365,-111.4797751905619,1.0484842195683135,OpenStreetMap
Speedbag,0.8,68,7729.6,8257.2,7987.6,527.5,24.5,24.9,33.1,22.1,0.0,19.1,58.8,Deer Valley,40.624406811076895,-111.50919273225593,0.7900784204086114,OpenStreetMap
Spin Cycle Trail,1.8,143,6835.8,7600.6,7178.8,764.8,21.4,21.1,31.7,2.8,0.0,51.0,46.2,Deer Valley,40.63411801502942,-111.46082430079326,1.7561817703924287,OpenStreetMap
St. Regis Trail,0.3,34,7301.5,7454.4,7383.3,152.9,24.3,27.6,31.8,0.0,91.2,8.8,0.0,Deer Valley,40.639112933407205,-111.47591481144916,0.3466717522996909,OpenStreetMap
Sunset,1.2,111,8436.0,9053.2,8777.5,617.3,15.2,14.9,28.2,0.0,51.4,45.9,2.7,Deer Valley,40.61222429898699,-111.48546906629171,1.2461315775506032,OpenStreetMap
Super G,0.4,34,8867.6,8997.5,8939.8,129.9,15.7,15.0,27.9,5.9,94.1,0.0,0.0,Deer Valley,40.6078734147108,-111.486644562986,0.3831876068562151,OpenStreetMap
T&G,1.2,105,8586.9,8760.0,8673.3,173.1,16.7,19.3,29.1,19.0,9.5,34.3,37.1,Deer Valley,40.611941402305575,-111.51506977898008,1.171813181876456,OpenStreetMap
T&G 2,0.9,76,8357.2,8729.4,8599.5,372.2,20.7,23.5,35.6,2.6,0.0,42.1,55.3,Deer Valley,40.62089143656375,-111.51568549288604,0.8802221814285119,OpenStreetMap
TDS Ontario Bypass,1.0,96,7719.2,8043.7,7889.0,324.6,16.0,15.1,26.9,0.0,2.1,35.4,62.5,Deer Valley,40.62591563844938,-111.49801252893096,1.037508653361462,OpenStreetMap
Tall T Trail,4.4,352,8733.0,9353.0,9033.3,620.0,18.9,19.0,34.3,27.0,2.8,28.7,41.5,Deer Valley,40.59029104976929,-111.52734087474852,4.352617378773826,OpenStreetMap
Team Big Bear,1.3,109,8332.9,8855.8,8610.0,523.0,15.5,15.9,23.1,0.0,13.8,68.8,17.4,Deer Valley,40.61639926546102,-111.50010669410356,1.3024219896641782,OpenStreetMap
The Lookout,1.7,142,7338.4,8054.6,7693.2,716.2,27.6,27.5,44.1,0.0,87.3,12.7,0.0,Deer Valley,40.62921554675458,-111.4942829189022,1.7177592510969846,OpenStreetMap
Thieves Forest,0.5,40,8441.5,8810.3,8597.7,368.8,19.6,20.1,27.0,0.0,2.5,90.0,7.5,Deer Valley,40.61553068086176,-111.48245627012813,0.4597863087011359,OpenStreetMap
Thieves Forrest,0.3,29,8820.3,9276.0,9072.7,455.8,18.5,18.9,29.1,0.0,0.0,89.7,10.3,Deer Valley,40.611364491739,-111.4804590615015,0.3469987341799864,OpenStreetMap
Tidal Wave,2.7,242,8128.2,9286.4,8737.9,1158.2,20.0,21.7,33.5,3.3,55.8,23.1,17.8,Deer Valley,40.610548014761406,-111.48897388892838,2.7311391080231746,OpenStreetMap
Tour De Homes,1.4,113,7579.1,8120.3,7813.1,541.3,12.5,12.9,23.4,0.9,36.3,58.4,4.4,Deer Valley,40.63205110837411,-111.48826887414292,1.36089813866567,OpenStreetMap
Tour De Suds (Upper),0.7,63,8407.1,8694.1,8563.5,287.1,17.1,16.8,24.3,0.0,74.6,25.4,0.0,Deer Valley,40.614682713092186,-111.50609195133156,0.7440585696126766,OpenStreetMap
Trappers Gate,0.5,44,7434.8,7486.1,7462.8,51.3,27.4,30.8,36.0,0.0,50.0,20.5,29.5,Deer Valley,40.63197509989361,-111.497026036245,0.4879857314945335,OpenStreetMap
Tricky Pickle Trail,2.6,212,8268.2,8873.6,8532.5,605.5,20.0,22.3,31.9,21.7,70.8,0.9,6.6,Deer Valley,40.59197973531048,-111.49789592532872,2.5701418550664723,OpenStreetMap
Trump,0.6,60,8585.9,8974.3,8771.6,388.4,9.3,8.1,20.4,1.7,0.0,26.7,71.7,Deer Valley,40.60903529522874,-111.4964159868453,0.5784024842211413,OpenStreetMap
Tsunami,1.2,103,8508.1,8991.5,8747.8,483.4,18.1,17.6,28.8,0.0,72.8,27.2,0.0,Deer Valley,40.61166268615432,-111.48706860055302,1.1999183763390222,OpenStreetMap
Tug of War Trail,1.4,120,8867.6,9065.0,8962.3,197.4,16.3,16.3,25.0,52.5,23.3,23.3,0.8,Deer Valley,40.60218815889535,-111.4963014769127,1.4424412389498933,OpenStreetMap
Twist & Shout,0.2,20,8324.5,8505.1,8415.6,180.6,26.0,26.7,29.2,0.0,100.0,0.0,0.0,Deer Valley,40.61590669002216,-111.48826576454944,0.2243572359686889,OpenStreetMap
Twist and Shout,1.0,91,8512.5,9065.3,8799.9,552.8,17.9,18.6,28.0,0.0,81.3,18.7,0.0,Deer Valley,40.61146669404505,-111.486662413967,1.0479731959059362,OpenStreetMap
Undertow Trail,1.9,165,7530.0,8350.2,7937.9,820.2,21.8,23.2,30.8,0.0,38.8,57.0,4.2,Deer Valley,40.63057046785135,-111.47858549886824,1.933095693550621,OpenStreetMap
Upper Devo Trail,0.2,18,8012.6,8210.0,8097.8,197.4,15.1,15.6,18.3,0.0,0.0,100.0,0.0,Deer Valley,40.62826200901757,-111.4850494481263,0.2028942905269994,OpenStreetMap
Village Pipeline Connector,0.2,15,7292.7,7375.4,7336.8,82.7,22.1,23.7,27.5,6.7,0.0,20.0,73.3,Deer Valley,40.6391093200599,-111.472490526811,0.166308776565325,OpenStreetMap
Village Trail,0.2,14,7292.7,7333.1,7315.2,40.5,22.8,24.0,27.5,21.4,0.0,0.0,78.6,Deer Valley,40.64077448423082,-111.47113665558776,0.1534191074692529,OpenStreetMap
Village Trail / Pipeline,0.5,43,7071.0,7292.7,7182.6,221.6,17.4,17.6,27.5,9.3,0.0,25.6,65.1,Deer Valley,40.64110752434245,-111.46934147070748,0.52111694609496,OpenStreetMap
WOW (Wasatch Over Wasatch) Trail,2.7,226,8125.9,8428.2,8248.2,302.2,11.4,10.0,31.9,57.1,9.7,5.3,27.9,Deer Valley,40.585198990338895,-111.50729227137398,2.724885927251763,OpenStreetMap
Woodside Gulch,0.8,71,7305.3,7977.5,7635.5,672.2,22.8,24.0,31.3,46.5,0.0,2.8,50.7,Deer Valley,40.63428272582461,-111.50200856347875,0.7807538495211426,OpenStreetMap
Wowza Downhill Trail,0.9,78,8378.1,8738.8,8564.8,360.7,10.4,10.8,21.9,55.1,10.3,1.3,33.3,Deer Valley,40.58677474689952,-111.51626735679228,0.9481679762853356,OpenStreetMap
Wowza Trail,1.2,96,8375.1,8733.0,8552.8,357.9,12.1,11.9,25.4,10.4,1.0,31.2,57.3,Deer Valley,40.58754867198866,-111.51557993987645,1.1719245515390433,OpenStreetMap
24-7,5.1,422,6216.2,6897.6,6689.5,681.4,17.7,17.7,33.3,43.4,37.0,19.4,0.2,Jeremy Ranch / Glenwild,40.7580938928905,-111.55747502780672,5.084483602728426,OpenStreetMap
Abilene Way,0.5,41,6439.2,6463.1,6454.0,23.9,1.2,1.0,2.4,0.0,0.0,56.1,43.9,Jeremy Ranch / Glenwild,40.705162592888,-111.52848253655898,0.4874400594837326,OpenStreetMap
Ambush,1.6,137,7418.5,8136.4,7757.7,717.9,25.9,26.8,35.6,21.2,0.0,24.8,54.0,Jeremy Ranch / Glenwild,40.694225906082366,-111.58181443950004,1.648773485207604,OpenStreetMap
Ant Farm,0.5,44,6534.5,6747.2,6629.0,212.7,11.9,12.8,18.9,0.0,6.8,93.2,0.0,Jeremy Ranch / Glenwild,40.74632495230274,-111.55092174051572,0.5235766481813493,OpenStreetMap
BLT,0.8,68,6827.5,6989.0,6927.9,161.5,17.6,17.3,29.1,23.5,8.8,0.0,67.6,Jeremy Ranch / Glenwild,40.71492142685356,-111.56084442077211,0.812395000903706,OpenStreetMap
Bad Apple,0.7,59,6279.5,6445.1,6367.9,165.6,14.4,13.4,26.1,15.3,32.2,44.1,8.5,Jeremy Ranch / Glenwild,40.74937514368386,-111.56017979748744,0.6500921715377702,OpenStreetMap
Blackhawk Trail,2.5,210,6347.6,6739.8,6536.5,392.2,16.6,16.7,28.9,74.3,21.4,0.0,4.3,Jeremy Ranch / Glenwild,40.73111252615939,-111.53542276920604,2.454270549879213,OpenStreetMap
Cobblestone Loop,0.8,68,6740.4,6867.4,6805.4,127.0,15.5,17.3,28.1,26.5,4.4,0.0,69.1,Jeremy Ranch / Glenwild,40.75845647840704,-111.52582619388934,0.8282548943661749,OpenStreetMap
Cobblestone Trail,1.7,141,6505.3,6938.7,6723.8,433.4,11.4,10.3,28.4,25.5,10.6,8.5,55.3,Jeremy Ranch / Glenwild,40.75512641497514,-111.52744418745776,1.7237877253936833,OpenStreetMap
Colin's Trail,1.8,152,6641.1,7390.4,7029.9,749.2,21.7,22.5,34.0,3.3,0.0,53.9,42.8,Jeremy Ranch / Glenwild,40.69629937433107,-111.55671582168428,1.7996675634848909,OpenStreetMap
Crazy Eights,0.8,66,6460.7,6726.9,6580.7,266.2,11.1,11.4,14.2,7.6,72.7,19.7,0.0,Jeremy Ranch / Glenwild,40.74908550583131,-111.55291850861556,0.7774459190815921,OpenStreetMap
Cutter Lane,0.2,21,6431.6,6445.1,6437.7,13.5,2.1,2.0,3.3,0.0,33.3,66.7,0.0,Jeremy Ranch / Glenwild,40.7083260127391,-111.53140227257067,0.2201115857377402,OpenStreetMap
Dropout,0.9,79,6420.7,6743.0,6576.0,322.2,8.2,7.7,12.5,0.0,16.5,83.5,0.0,Jeremy Ranch / Glenwild,40.74673233142679,-111.55449028155309,0.885472021426475,OpenStreetMap
Dubois,1.4,121,6622.8,7164.4,6878.9,541.6,16.3,18.1,32.1,24.8,1.7,34.7,38.8,Jeremy Ranch / Glenwild,40.698630398586985,-111.55581872982933,1.3918128789172683,OpenStreetMap
Fink Again,0.9,77,6445.1,6727.8,6586.2,282.7,11.7,11.8,14.8,66.2,33.8,0.0,0.0,Jeremy Ranch / Glenwild,40.75125285000831,-111.55541181172696,0.9363825896037886,OpenStreetMap
Flying Dog,6.1,494,6867.4,7759.1,7321.2,891.7,17.8,17.6,31.1,54.3,26.7,9.5,9.5,Jeremy Ranch / Glenwild,40.77237660098178,-111.54161762597796,6.0632071432821455,OpenStreetMap
Glenwild Loop,5.9,481,6431.8,7136.4,6701.6,704.7,11.6,10.8,29.7,35.1,19.3,6.4,39.1,Jeremy Ranch / Glenwild,40.73989427988239,-111.52813430357229,5.873480493400596,OpenStreetMap
Glenwild Loop / Wasatch,0.2,21,6444.0,6454.5,6451.3,10.5,3.4,1.7,9.0,57.1,0.0,0.0,42.9,Jeremy Ranch / Glenwild,40.74589846722535,-111.509614206256,0.2431296361157769,OpenStreetMap
Insurgent,0.6,50,7618.3,8148.8,7873.2,530.5,21.7,22.6,32.5,0.0,0.0,74.0,26.0,Jeremy Ranch / Glenwild,40.68610182305705,-111.58195303109213,0.5805135364726814,OpenStreetMap
Iron Bill,2.0,169,6718.2,7267.2,7034.2,549.1,19.0,19.1,32.3,16.6,0.0,29.0,54.4,Jeremy Ranch / Glenwild,40.70817834974828,-111.55726593666238,1.9824030524192755,OpenStreetMap
Jailbreak,0.5,50,6261.8,6299.2,6277.4,37.5,10.6,8.6,29.3,18.0,60.0,22.0,0.0,Jeremy Ranch / Glenwild,40.75712939272894,-111.56214780445411,0.5489737037583557,OpenStreetMap
Legacy Loop,0.7,60,7260.5,7397.4,7342.6,136.9,17.1,16.5,26.3,25.0,30.0,1.7,43.3,Jeremy Ranch / Glenwild,40.705995804360256,-111.55961886682412,0.662737942065351,OpenStreetMap
Legacy Ridge,0.5,41,7364.1,7451.5,7414.3,87.3,10.3,9.7,21.0,2.4,43.9,12.2,41.5,Jeremy Ranch / Glenwild,40.70648419743829,-111.5603960205038,0.4942346051091288,OpenStreetMap
Legacy. Loop,0.4,34,7345.2,7385.4,7363.1,40.2,15.4,15.0,20.8,0.0,29.4,38.2,32.4,Jeremy Ranch / Glenwild,40.70737188748682,-111.5599210439625,0.3709751000415134,OpenStreetMap
Miss Billy's,1.1,104,6557.2,6663.6,6614.6,106.5,2.9,2.6,7.1,0.0,1.9,67.3,30.8,Jeremy Ranch / Glenwild,40.69127466685039,-111.54016400735836,1.081904915000023,OpenStreetMap
Mountain Ranch,0.2,17,6438.4,6472.3,6453.3,33.9,4.0,3.4,7.0,0.0,29.4,70.6,0.0,Jeremy Ranch / Glenwild,40.719482563829935,-111.5082007499112,0.1871364768926466,OpenStreetMap
North 400 West,0.5,41,6427.3,6455.3,6441.4,28.0,1.2,1.0,3.2,0.0,7.3,53.7,39.0,Jeremy Ranch / Glenwild,40.70279368500318,-111.51897621463831,0.4898579521444969,OpenStreetMap
Preserve Connector,0.9,76,7066.5,7395.2,7230.0,328.7,18.8,19.4,29.7,28.9,68.4,1.3,1.3,Jeremy Ranch / Glenwild,40.76330147562161,-111.54585203221042,0.923971673887967,OpenStreetMap
RTS,2.6,233,6478.1,6718.6,6598.1,240.5,7.8,7.2,18.3,2.1,0.0,22.3,75.5,Jeremy Ranch / Glenwild,40.71664642216084,-111.55523569599896,2.5792028251408645,OpenStreetMap
RTS / BLT,0.4,30,6711.6,6827.5,6768.3,115.9,17.1,17.3,28.4,10.0,0.0,6.7,83.3,Jeremy Ranch / Glenwild,40.71544842193981,-111.5580228733734,0.3549339694146537,OpenStreetMap
Short Cut,0.9,76,7945.4,8245.4,8081.5,300.0,19.6,23.0,31.3,28.9,0.0,47.4,23.7,Jeremy Ranch / Glenwild,40.68025862222409,-111.57883598783349,0.9264544503510076,OpenStreetMap
Stealth Connector / Pheasant Way,0.3,22,6330.9,6398.1,6361.5,67.2,5.3,4.7,14.3,59.1,9.1,27.3,4.5,Jeremy Ranch / Glenwild,40.73167942348123,-111.54708752211994,0.2537640804940234,OpenStreetMap
Stealth Trail,2.3,200,6346.1,6903.5,6560.0,557.4,15.2,16.1,27.2,66.5,32.0,0.5,1.0,Jeremy Ranch / Glenwild,40.73631275924013,-111.5447596003018,2.311077272526553,OpenStreetMap
Team Cutthroat Downhill,0.3,29,6546.5,6754.3,6618.0,207.7,12.4,12.3,17.8,0.0,0.0,100.0,0.0,Jeremy Ranch / Glenwild,40.74619331694971,-111.55242052130288,0.3422325804737415,OpenStreetMap
The Graduate,0.7,64,6257.5,6445.1,6343.1,187.5,13.1,11.3,30.2,17.2,50.0,28.1,4.7,Jeremy Ranch / Glenwild,40.7534431855279,-111.56237742796368,0.7069880473321413,OpenStreetMap
Winchester Trail,0.2,21,6433.3,6465.9,6453.0,32.6,7.5,7.9,12.5,0.0,0.0,0.0,100.0,Jeremy Ranch / Glenwild,40.71094932830698,-111.54449441430567,0.2434703478411478,OpenStreetMap
An Unexpected Journey Trail,0.6,51,6708.3,6758.4,6731.9,50.1,21.3,22.6,26.9,13.7,86.3,0.0,0.0,Jordanelle,40.584095263003086,-111.41492155800285,0.6097309546769157,OpenStreetMap
Beep Beep Trail,1.5,129,6583.6,6771.5,6670.3,187.9,16.3,16.1,26.5,0.0,20.2,66.7,13.2,Jordanelle,40.59039066618902,-111.4033797731244,1.544574065330985,OpenStreetMap
Big Dipper,2.2,175,6614.9,7331.5,6961.2,716.6,21.1,21.2,34.9,39.4,0.0,4.0,56.6,Jordanelle,40.66018548005414,-111.43175307695702,2.150852926658403,OpenStreetMap
Constellation Trail,0.7,58,6191.6,6323.4,6261.6,131.9,9.0,8.6,16.7,5.2,0.0,10.3,84.5,Jordanelle,40.6428753631073,-111.43505033038012,0.6966569774617706,OpenStreetMap
Coyote Loop Trail,0.8,62,6834.6,6980.4,6895.7,145.9,11.1,10.1,26.7,9.7,6.5,58.1,25.8,Jordanelle,40.58676467246392,-111.40272629625528,0.7495610202043609,OpenStreetMap
Deep Park Circle,0.2,14,6368.7,6401.6,6383.2,32.9,7.2,6.4,17.5,0.0,0.0,50.0,50.0,Jordanelle,40.626894083286025,-111.43587347972714,0.1506330714576121,OpenStreetMap
Jordanelle (West Bank) Trail,2.3,199,6170.8,6291.4,6210.9,120.6,9.7,9.2,24.7,24.1,2.0,42.2,31.7,Jordanelle,40.63639192686843,-111.4311179892118,2.3115618395412643,OpenStreetMap
Jordanelle Perimeter Trail,9.3,765,6169.9,6411.7,6216.7,241.9,15.2,14.7,34.0,30.5,40.5,11.2,17.8,Jordanelle,40.633349610731685,-111.4121970547725,9.288208231184122,OpenStreetMap
Kaboom Trail / Call Sign Casa Trail,1.1,93,6791.2,7063.8,6888.6,272.6,22.7,22.4,32.9,0.0,0.0,35.5,64.5,Jordanelle,40.62794719612903,-111.45468580169128,1.1339625494783907,OpenStreetMap
Keetley,0.9,76,6176.9,6309.9,6255.4,133.0,5.8,5.5,11.3,36.8,59.2,3.9,0.0,Jordanelle,40.6438983646529,-111.4097274639112,0.9241192040692142,OpenStreetMap
Longview,0.3,26,6286.3,6315.8,6299.6,29.5,9.2,8.1,22.1,26.9,69.2,3.8,0.0,Jordanelle,40.65785550770212,-111.4151527495857,0.2990694202291336,OpenStreetMap
Looney Tunes Trail,1.2,99,6976.5,7255.9,7149.3,279.3,12.9,13.2,21.5,0.0,3.0,78.8,18.2,Jordanelle,40.58370423178651,-111.40605522395904,1.2149332537913544,OpenStreetMap
Milky Way,1.2,99,6613.3,6963.5,6795.1,350.2,20.9,21.0,24.9,78.8,7.1,0.0,14.1,Jordanelle,40.65767372971338,-111.43373089841624,1.2128282786264954,OpenStreetMap
Milky Way / Two Rocks,0.5,42,6482.8,6616.9,6558.6,134.1,17.8,17.5,24.0,64.3,0.0,0.0,35.7,Jordanelle,40.66056479638159,-111.42608338059031,0.4980221542265608,OpenStreetMap
North Ross Creek Trail,0.8,70,6296.2,6565.5,6405.0,269.4,11.7,9.8,33.0,31.4,12.9,15.7,40.0,Jordanelle,40.66585897507511,-111.42082357173696,0.8483496767419276,OpenStreetMap
Oh Deer Flow,0.6,51,6282.9,6510.0,6403.1,227.1,14.6,15.3,20.1,7.8,0.0,0.0,92.2,Jordanelle,40.66237367218405,-111.42118550237925,0.612800950513697,OpenStreetMap
Putty Tat Trail,0.6,49,6468.3,6590.1,6514.0,121.8,10.5,9.5,25.2,0.0,30.6,59.2,10.2,Jordanelle,40.59267845848291,-111.40267007297948,0.5716105826740486,OpenStreetMap
Riverview West Trail,1.8,154,6501.9,6978.6,6730.6,476.7,18.7,20.9,27.7,11.7,51.9,33.1,3.2,Jordanelle,40.58565113588149,-111.41386481977428,1.8207027453567053,OpenStreetMap
Skyridge Peak Trail / Milky Way,1.2,97,6963.5,7331.5,7139.2,368.0,22.4,23.3,33.7,59.8,28.9,0.0,11.3,Jordanelle,40.65984634182248,-111.4368345884266,1.1880734420167751,OpenStreetMap
Sven,0.1,15,6282.2,6318.4,6299.4,36.2,11.9,10.3,19.9,13.3,86.7,0.0,0.0,Jordanelle,40.66216079919324,-111.41880056586604,0.1209209035330993,OpenStreetMap
Tideline,0.1,12,6521.2,6544.8,6530.0,23.7,15.1,14.5,25.1,91.7,8.3,0.0,0.0,Jordanelle,40.64171272429878,-111.40053564270964,0.1156865066044314,OpenStreetMap
Tweety Bird Trail,0.7,55,6477.2,6665.7,6568.1,188.5,10.6,10.3,18.3,0.0,20.0,80.0,0.0,Jordanelle,40.59084253440856,-111.40816741687898,0.6642941640675584,OpenStreetMap
Wada Way,1.7,138,6181.8,6350.5,6267.2,168.7,6.6,6.2,14.8,23.2,76.1,0.7,0.0,Jordanelle,40.65139897157171,-111.41292348157292,1.6600420391582622,OpenStreetMap
We'll Go From There,0.1,13,6666.1,6712.9,6692.5,46.8,10.7,9.9,18.4,0.0,0.0,23.1,76.9,Jordanelle,40.633559740125165,-111.4528915193202,0.1478023793008544,OpenStreetMap
You Get It,0.5,42,6702.7,6863.6,6774.5,161.0,14.4,14.5,21.0,4.8,0.0,4.8,90.5,Jordanelle,40.63417280890808,-111.45447628262694,0.483350030265907,OpenStreetMap
9K Trail,5.8,485,8959.5,9439.0,9222.8,479.4,20.4,21.0,37.9,18.4,9.7,46.2,25.8,Park City / PCMR,40.61454424262402,-111.5340694590712,5.767282904473127,OpenStreetMap
Alta-Brighton Trail,0.9,74,8748.9,9462.1,9081.0,713.2,12.4,11.7,28.0,13.5,2.7,25.7,58.1,Park City / PCMR,40.59874189108338,-111.5904390735144,0.9015372231824904,OpenStreetMap
Apex,2.2,186,8755.5,9591.9,9146.4,836.4,18.6,17.3,36.0,0.0,34.4,65.1,0.5,Park City / PCMR,40.62520958876211,-111.53395003281469,2.200414655117812,OpenStreetMap
Armstrong,3.8,312,6958.3,8237.6,7566.3,1279.4,20.8,21.5,33.2,0.0,8.3,30.4,61.2,Park City / PCMR,40.65248508262897,-111.52994268919429,3.8278321903815673,OpenStreetMap
Blazing Saddle,0.7,58,9295.6,9481.6,9384.9,186.0,18.3,19.7,28.9,51.7,0.0,0.0,48.3,Park City / PCMR,40.61652898868821,-111.55635878361066,0.6851559960428182,OpenStreetMap
Boot Hill,0.3,26,6805.1,6895.8,6853.1,90.7,16.2,16.7,22.9,46.2,50.0,3.8,0.0,Park City / PCMR,40.66311538182378,-111.50841776480048,0.2893387629353953,OpenStreetMap
Boot Hill Connect,0.2,20,6895.8,6941.9,6921.4,46.2,11.7,12.5,16.7,20.0,45.0,30.0,5.0,Park City / PCMR,40.66384832032967,-111.50809692977944,0.2267447819986804,OpenStreetMap
Brighton Lakes Trail,1.9,169,8827.7,9547.3,9276.0,719.6,15.1,13.7,36.8,6.5,16.0,50.9,26.6,Park City / PCMR,40.59287052758444,-111.58751257009568,1.897257838504431,OpenStreetMap
CMG,2.9,249,7010.6,8231.6,7606.5,1221.0,21.0,21.5,38.4,0.0,36.1,41.0,22.9,Park City / PCMR,40.645848884326966,-111.51679268892973,2.9354415022680653,OpenStreetMap
Catherine's Pass Trail,1.5,124,9379.6,10222.3,9753.9,842.7,16.9,17.1,36.8,16.9,39.5,16.9,26.6,Park City / PCMR,40.585096359880005,-111.59078643106362,1.5251058935096915,OpenStreetMap
Claim Jumper,1.4,133,7689.3,8633.5,8147.6,944.2,17.2,19.1,28.0,2.3,66.9,21.1,9.8,Park City / PCMR,40.63958065995946,-111.52518162563226,1.4407665489024002,OpenStreetMap
Clayton Peak Trail,2.0,175,9358.3,10347.8,9813.5,989.4,19.0,18.5,35.6,1.1,38.3,54.3,6.3,Park City / PCMR,40.58693552999217,-111.57085635011327,2.017634735594292,OpenStreetMap
Colony Mid Mountain Connector,0.5,39,8408.0,8464.3,8429.2,56.4,26.1,29.3,34.9,0.0,0.0,17.9,82.1,Park City / PCMR,40.65011049975458,-111.53932673410868,0.4704632133189834,OpenStreetMap
Comstock Mine Trail,0.6,52,8545.6,8846.5,8723.6,300.9,13.4,13.2,25.9,0.0,0.0,13.5,86.5,Park City / PCMR,40.62270505527668,-111.54357954562096,0.6324903168932815,OpenStreetMap
Crescent Ridge,1.0,95,7832.5,8633.9,8289.2,801.4,11.1,10.8,16.6,1.1,23.2,75.8,0.0,Park City / PCMR,40.64328062856461,-111.5205999025961,1.0433609873417355,OpenStreetMap
Cyn City,2.6,214,8372.6,9048.5,8700.1,675.9,21.1,21.0,34.1,1.4,7.0,85.5,6.1,Park City / PCMR,40.62106458390316,-111.52108056020784,2.616941651468565,OpenStreetMap
Dawns Trail,0.9,71,7415.0,7576.9,7505.7,161.9,21.9,20.3,35.0,0.0,46.5,31.0,22.5,Park City / PCMR,40.65039115727101,-111.52578815180028,0.8691095373150084,OpenStreetMap
Dead Tree,0.8,65,9569.8,9775.6,9653.6,205.8,26.5,27.5,37.8,35.4,21.5,43.1,0.0,Park City / PCMR,40.611358588022426,-111.54588982448988,0.7709582364292185,OpenStreetMap
Eagle Trail,0.5,46,7477.4,7838.4,7664.9,361.0,22.7,23.0,32.0,0.0,0.0,95.7,4.3,Park City / PCMR,40.65138382915936,-111.51929067308184,0.5175131513522067,OpenStreetMap
Eagle Way,0.9,75,7416.7,7660.5,7538.9,243.7,11.8,11.7,19.5,21.3,25.3,40.0,13.3,Park City / PCMR,40.65295946154777,-111.48775315119684,0.9169203474436032,OpenStreetMap
East Fallen Pines Lane,0.6,50,8602.1,8801.9,8712.4,199.8,12.6,12.9,19.7,0.0,2.0,72.0,26.0,Park City / PCMR,40.61551642366452,-111.57912837068116,0.5879803275441051,OpenStreetMap
Easy Rider,2.3,192,8764.0,9471.9,9141.3,707.9,14.6,13.4,33.3,0.5,82.3,16.1,1.0,Park City / PCMR,40.59580193116481,-111.57632308440664,2.2708947344219883,OpenStreetMap
Evil Empire,0.9,75,8443.1,9143.3,8746.8,700.2,13.8,14.4,22.8,0.0,0.0,68.0,32.0,Park City / PCMR,40.61923823662483,-111.52513988679308,0.8743382179085835,OpenStreetMap
Fat Lip,1.0,83,8870.4,8982.9,8931.1,112.5,20.9,20.7,36.0,34.9,0.0,6.0,59.0,Park City / PCMR,40.62192963761681,-111.5279713594279,0.9500749325664994,OpenStreetMap
First Time,0.5,56,6905.7,7178.9,7041.1,273.2,8.6,8.6,19.4,0.0,3.6,57.1,39.3,Park City / PCMR,40.65050878239233,-111.51048291433958,0.5496569147394741,OpenStreetMap
First Time Return,0.7,67,6953.0,7139.2,7073.8,186.2,15.6,15.9,24.7,0.0,0.0,22.4,77.6,Park City / PCMR,40.65021414919943,-111.51090683334832,0.6912391260436946,OpenStreetMap
Flat Cable,1.0,92,7399.9,7706.1,7565.4,306.2,13.5,12.9,28.3,0.0,37.0,51.1,12.0,Park City / PCMR,40.644102718034645,-111.505628746172,0.9540180176956105,OpenStreetMap
Flat Iron,0.6,52,8260.7,8492.0,8393.5,231.3,15.3,14.7,28.6,19.2,0.0,15.4,65.4,Park City / PCMR,40.62696082564811,-111.51719430456902,0.5992409148204252,OpenStreetMap
Forest Glen Trail,0.2,21,8661.3,8874.6,8765.8,213.3,24.6,26.4,35.4,0.0,95.2,4.8,0.0,Park City / PCMR,40.61089948644494,-111.5784844905115,0.2453640829723189,OpenStreetMap
Freemason,1.5,129,6779.4,7074.6,6949.6,295.2,21.4,21.4,30.0,5.4,40.3,54.3,0.0,Park City / PCMR,40.65768683021079,-111.49819012622744,1.5379335402343446,OpenStreetMap
Full Steam Billy,0.3,29,7161.5,7277.5,7246.4,116.1,14.8,15.0,18.5,27.6,72.4,0.0,0.0,Park City / PCMR,40.64842922650065,-111.4945100220623,0.3374081234612734,OpenStreetMap
Gambel Oak North,0.3,28,7038.2,7171.9,7112.6,133.7,14.8,14.6,18.8,0.0,92.9,7.1,0.0,Park City / PCMR,40.65915752473873,-111.48180315635692,0.3167296696104135,OpenStreetMap
Gambel Oak Trail,1.0,89,7205.8,7543.6,7408.0,337.8,12.0,14.4,18.4,71.9,0.0,12.4,15.7,Park City / PCMR,40.64847351910524,-111.48419757905585,1.0303762680603132,OpenStreetMap
Gold Finger,1.1,93,7876.6,8290.6,8081.9,414.1,25.9,25.7,31.6,0.0,100.0,0.0,0.0,Park City / PCMR,40.65997467243904,-111.55431689925648,1.1421294028531843,OpenStreetMap
Golden Needle,0.8,69,9288.1,10347.8,9811.4,1059.8,17.7,17.1,28.2,2.9,95.7,1.4,0.0,Park City / PCMR,40.59452078975266,-111.56725110409884,0.832380653077749,OpenStreetMap
Gotcha Cuttoff,1.5,130,7178.9,8078.5,7673.2,899.6,20.8,21.4,35.8,0.8,0.0,3.1,96.2,Park City / PCMR,40.64587964864319,-111.5166123821088,1.4811424334770853,OpenStreetMap
H.A.M.,0.8,69,7699.4,7896.1,7780.5,196.7,25.5,24.6,37.0,1.4,15.9,36.2,46.4,Park City / PCMR,40.64547382276132,-111.53139851516626,0.7953158162855987,OpenStreetMap
Hang Time South,0.3,24,6861.7,7117.7,6970.8,255.9,12.7,12.3,19.7,0.0,33.3,66.7,0.0,Park City / PCMR,40.65853660632904,-111.49606808644194,0.2624543793306007,OpenStreetMap
Iron Man,2.9,242,7976.8,8555.0,8305.8,578.2,25.4,25.4,36.0,9.5,45.9,16.5,28.1,Park City / PCMR,40.6585520468376,-111.5452566956134,2.9350941430116486,OpenStreetMap
Iron Mountain Trail,0.5,45,8553.9,9013.4,8753.8,459.4,19.3,20.1,26.2,26.7,53.3,15.6,4.4,Park City / PCMR,40.65649532455427,-111.54475504732362,0.5413267620786247,OpenStreetMap
Jenni's Trail,1.4,124,6966.1,7501.1,7207.7,535.0,15.8,15.8,25.3,1.6,8.9,35.5,54.0,Park City / PCMR,40.64869166733497,-111.51220769740809,1.4050051306446678,OpenStreetMap
Jenni's Trail upper,3.1,266,7487.3,8174.7,7789.7,687.4,20.5,20.2,38.0,0.0,22.6,47.4,30.1,Park City / PCMR,40.63937813819639,-111.5112423147728,3.115540806319588,OpenStreetMap
Johns '99,1.1,96,8080.5,8193.1,8128.2,112.6,19.7,20.3,35.7,43.8,0.0,38.5,17.7,Park City / PCMR,40.62911828578874,-111.50998374795329,1.1463272598720602,OpenStreetMap
Johns Trail,1.8,159,7711.1,8249.6,8041.4,538.5,13.1,13.9,25.5,8.2,3.8,53.5,34.6,Park City / PCMR,40.63760825426597,-111.50539626371148,1.8455851721343832,OpenStreetMap
Jupiter Peak,1.2,107,9729.6,9994.3,9871.3,264.6,14.3,12.7,30.3,26.2,39.3,21.5,13.1,Park City / PCMR,40.610319419324455,-111.54904593331813,1.2326219673735002,OpenStreetMap
Jupiter Ridge,0.2,16,9741.8,9992.4,9869.4,250.7,16.9,16.3,26.1,12.5,0.0,6.2,81.2,Park City / PCMR,40.61268065771163,-111.53867835914352,0.1794359184741005,OpenStreetMap
Keystone Trail,2.6,221,8572.7,9030.6,8890.7,457.8,17.5,17.7,34.7,19.5,26.7,25.8,28.1,Park City / PCMR,40.62506440637064,-111.53055382777043,2.603688918161734,OpenStreetMap
Loose Moose,0.8,70,7294.0,7580.3,7446.3,286.3,22.5,23.8,36.4,0.0,77.1,22.9,0.0,Park City / PCMR,40.64358346695202,-111.50940341630726,0.8327992481641062,OpenStreetMap
Lost Prospector,3.2,275,6865.2,7153.9,7044.5,288.7,19.8,20.1,32.6,5.5,42.2,46.5,5.8,Park City / PCMR,40.659849225736586,-111.4888557229514,3.165131184572034,OpenStreetMap
Lower Masonic,0.6,54,7070.4,7149.0,7113.0,78.7,21.2,21.4,30.9,27.8,63.0,9.3,0.0,Park City / PCMR,40.65358630670372,-111.49972319928794,0.6332320084261772,OpenStreetMap
Masonic,1.3,106,7131.6,7508.3,7283.0,376.8,18.7,18.8,28.4,0.0,9.4,72.6,17.9,Park City / PCMR,40.65628760128763,-111.48965728213436,1.271607741089301,OpenStreetMap
McConkeys,2.1,186,8486.4,9586.3,8958.8,1099.9,14.0,13.8,26.4,1.1,3.2,40.3,55.4,Park City / PCMR,40.617956923480186,-111.52625119796232,2.0961182087109456,OpenStreetMap
McConkeys / Io Trail (Middle),0.6,51,9432.6,9692.2,9588.6,259.6,19.8,24.9,29.9,72.5,0.0,7.8,19.6,Park City / PCMR,40.61168680632571,-111.53326494678502,0.6153542674060682,OpenStreetMap
Mid-Mountain Connect,0.1,11,8162.9,8233.9,8201.7,70.9,12.6,11.6,20.5,18.2,0.0,18.2,63.6,Park City / PCMR,40.63223012461414,-111.51309555497544,0.1167135462795945,OpenStreetMap
Mid-Mountain Trail,18.5,1567,7828.1,8515.6,8168.3,687.6,22.2,22.8,43.0,9.3,15.6,32.0,43.0,Park City / PCMR,40.64534582424172,-111.53118141177607,18.51272067997981,OpenStreetMap
Miner's Mile,0.4,37,8340.5,8549.3,8457.0,208.8,7.8,7.9,11.2,0.0,0.0,21.6,78.4,Park City / PCMR,40.62728968091632,-111.51804021102016,0.3540798612341984,OpenStreetMap
Mojave,0.9,83,8364.7,8732.7,8540.4,368.0,18.7,19.2,30.2,0.0,86.7,13.3,0.0,Park City / PCMR,40.634971780917176,-111.5211432294971,0.9499789145357528,OpenStreetMap
Moose Tracks Trail,0.9,82,9081.2,9389.1,9258.1,307.9,16.5,15.7,26.8,14.6,78.0,7.3,0.0,Park City / PCMR,40.59516414126596,-111.57427709390586,0.9482843470853516,OpenStreetMap
Moosehouse,0.3,26,7714.9,8073.3,7902.6,358.3,16.2,18.9,24.8,7.7,0.0,65.4,26.9,Park City / PCMR,40.63204398195126,-111.5038481086022,0.3062561137781002,OpenStreetMap
Old Stage Crest Connect,0.3,28,8989.0,9157.0,9057.3,168.0,21.7,19.4,31.0,10.7,75.0,14.3,0.0,Park City / PCMR,40.61247305094488,-111.5715274805363,0.3344944466360897,OpenStreetMap
Payday,1.7,145,7139.7,8117.7,7598.1,978.1,11.4,11.3,22.6,0.0,16.6,75.9,7.6,Park City / PCMR,40.64053545819342,-111.51124538504462,1.6578445014012289,OpenStreetMap
Perrier Pass,0.1,11,9397.1,9469.1,9445.9,72.0,21.9,24.1,25.7,0.0,0.0,90.9,9.1,Park City / PCMR,40.61814002894983,-111.53826776190397,0.1195695840680592,OpenStreetMap
Pinecone Ridge,3.9,320,8421.5,9841.4,9084.9,1419.9,22.7,23.0,32.2,6.2,20.0,35.6,38.1,Park City / PCMR,40.63337906740186,-111.54644099265712,3.9309991287172,OpenStreetMap
Pioneer Ridge,0.8,70,9398.0,9865.2,9598.5,467.2,17.9,16.4,31.7,2.9,10.0,58.6,28.6,Park City / PCMR,40.61649374604546,-111.53892521633333,0.7767517912685624,OpenStreetMap
Powerline Trail,0.6,55,8185.7,8545.6,8362.6,359.9,13.0,13.1,19.1,0.0,3.6,7.3,89.1,Park City / PCMR,40.63015217582808,-111.53743024085954,0.6425841178093065,OpenStreetMap
Red Bull,1.2,105,7139.7,8293.6,7769.0,1153.9,19.0,20.4,29.9,0.0,0.0,48.6,51.4,Park City / PCMR,40.63958635838598,-111.51326842477698,1.2102526894976444,OpenStreetMap
Richochet,2.5,218,6918.4,8101.8,7468.3,1183.4,22.5,22.8,36.7,0.0,1.4,60.1,38.5,Park City / PCMR,40.68638148266805,-111.57139393545772,2.4846855392912626,OpenStreetMap
Rock Chuck Trail,1.0,85,9377.3,9855.0,9680.6,477.7,12.5,11.5,28.4,0.0,47.1,52.9,0.0,Park City / PCMR,40.58874474594925,-111.56839301918852,1.0077375525097023,OpenStreetMap
Rogue Rider Trail,2.2,198,9049.7,9871.9,9423.9,822.2,16.5,15.5,29.0,0.5,27.8,71.7,0.0,Park City / PCMR,40.60699361060532,-111.56187339427328,2.151498304166323,OpenStreetMap
Rosebud,0.4,37,8315.5,8439.7,8390.4,124.2,17.4,16.4,24.9,0.0,75.7,24.3,0.0,Park City / PCMR,40.63966083548988,-111.52257618003053,0.4046585947783027,OpenStreetMap
Rosebud's Heaven,2.1,173,7148.5,7503.1,7326.9,354.6,26.9,26.5,39.8,55.5,2.3,4.6,37.6,Park City / PCMR,40.69195554103422,-111.5659528759652,2.109044841061128,OpenStreetMap
SOS,0.3,23,6720.9,6916.3,6803.8,195.3,13.6,14.3,26.1,0.0,8.7,78.3,13.0,Park City / PCMR,40.666448184385416,-111.48116864087982,0.2614854280682154,OpenStreetMap
Scott's Bypass,1.4,114,9481.4,9770.8,9658.7,289.3,20.2,20.1,35.8,21.1,69.3,9.6,0.0,Park City / PCMR,40.612047856355446,-111.55918064050742,1.3748730967894798,OpenStreetMap
Seldom Seen,1.9,163,7104.9,7720.5,7435.6,615.6,20.5,19.1,37.4,0.6,9.2,19.0,71.2,Park City / PCMR,40.64892938917546,-111.51571616491609,1.9030165817159364,OpenStreetMap
Shadow Lake,0.8,72,9037.5,9310.6,9179.4,273.1,15.7,14.4,34.6,8.3,15.3,41.7,34.7,Park City / PCMR,40.61596037279941,-111.55009628848111,0.8338649151150108,OpenStreetMap
Short Fuse,0.3,27,8340.4,8526.1,8439.4,185.7,19.4,21.8,26.7,0.0,3.7,77.8,18.5,Park City / PCMR,40.6346970517688,-111.52339576593836,0.3171547261851281,OpenStreetMap
Silver Queen,1.0,79,8376.5,8720.1,8558.9,343.6,22.5,23.1,30.5,2.5,0.0,0.0,97.5,Park City / PCMR,40.63391819864852,-111.51755091640152,0.9580834923564564,OpenStreetMap
Silver Spur,0.7,66,6926.4,7004.9,6980.8,78.4,13.8,13.5,24.9,0.0,7.6,60.6,31.8,Park City / PCMR,40.65266965116334,-111.5117818738982,0.6613452460505429,OpenStreetMap
Skid Row,1.2,103,6678.1,7107.5,6920.8,429.3,17.9,17.4,29.9,0.0,1.9,96.1,1.9,Park City / PCMR,40.66845831872771,-111.47381352761975,1.228688630949173,OpenStreetMap
Snake Pit Trail,1.1,95,9378.6,9871.8,9625.4,493.2,15.8,14.9,33.7,0.0,46.3,53.7,0.0,Park City / PCMR,40.58750533085767,-111.57189033610032,1.0930327267451514,OpenStreetMap
South Sweeney,0.7,62,7257.8,7492.4,7400.1,234.6,24.7,25.3,32.1,0.0,0.0,22.6,77.4,Park City / PCMR,40.64194117786604,-111.49870009761844,0.6611871113329626,OpenStreetMap
Spiro Trail,3.1,262,6934.7,8185.7,7617.4,1251.0,21.4,21.5,33.5,0.0,37.4,43.9,18.7,Park City / PCMR,40.64755384631944,-111.52407012433112,3.086557445228568,OpenStreetMap
Steps,1.0,89,8366.1,8730.0,8520.8,363.9,24.0,25.7,34.0,18.0,0.0,0.0,82.0,Park City / PCMR,40.63116043759045,-111.5173271228493,1.0271865786170828,OpenStreetMap
Stiff Upper Lip,0.5,48,8926.8,9139.2,9025.4,212.5,16.3,16.1,27.9,0.0,0.0,33.3,66.7,Park City / PCMR,40.61611691879028,-111.52987009616064,0.5478703892584404,OpenStreetMap
Sweeney Switchbacks,1.0,86,7261.1,7656.2,7442.9,395.1,19.7,19.5,30.8,0.0,0.0,61.6,38.4,Park City / PCMR,40.64428684826398,-111.50263935593632,1.0134383788578578,OpenStreetMap
Sweeneys,0.3,32,7656.2,7764.1,7712.4,107.9,17.7,17.3,23.8,0.0,0.0,96.9,3.1,Park City / PCMR,40.6416793962084,-111.50380066992643,0.3059058167097205,OpenStreetMap
Thaynes Canyon,1.2,99,8185.7,8832.6,8520.6,646.9,11.3,10.7,22.7,1.0,13.1,81.8,4.0,Park City / PCMR,40.62644528922062,-111.539067377105,1.171831613979995,OpenStreetMap
Three Candles,0.7,61,8739.8,8959.2,8843.3,219.4,10.2,9.4,21.3,0.0,0.0,55.7,44.3,Park City / PCMR,40.62931137475258,-111.52248914366156,0.736203524043283,OpenStreetMap
Tommys Two Step,1.5,132,8250.0,8718.0,8474.2,468.1,21.9,22.0,33.1,13.6,0.0,31.1,55.3,Park City / PCMR,40.629024211109055,-111.51829238121942,1.5425276492714048,OpenStreetMap
Town,0.1,12,6981.2,7008.8,6988.0,27.6,4.7,3.6,14.7,0.0,50.0,41.7,8.3,Park City / PCMR,40.64755940729975,-111.49861999854691,0.1071943441342347,OpenStreetMap
Trestle,1.3,118,7656.2,8253.4,8071.5,597.2,17.4,18.3,30.5,0.0,46.6,48.3,5.1,Park City / PCMR,40.63650074050743,-111.50791633233914,1.2563377707356245,OpenStreetMap
Upper Loose,0.3,28,7581.2,7789.4,7678.0,208.2,17.3,17.6,23.5,0.0,92.9,7.1,0.0,Park City / PCMR,40.64060205866311,-111.5081407284332,0.3297738671152663,OpenStreetMap
Upper Loose Moose,0.2,16,7764.1,7798.8,7788.9,34.7,13.5,16.8,20.8,0.0,50.0,50.0,0.0,Park City / PCMR,40.64060459750891,-111.5062344507794,0.1773282288689789,OpenStreetMap
Wasatch Crest Connect,1.7,155,8958.2,9481.6,9245.9,523.3,17.1,17.3,33.0,12.9,15.5,34.2,37.4,Park City / PCMR,40.616974136223725,-111.55736099806312,1.7334255358820347,OpenStreetMap
Wasatch Wiggle Trail,1.8,155,9472.6,9972.8,9702.8,500.2,13.0,13.0,32.2,0.0,5.2,87.7,7.1,Park City / PCMR,40.58570056880523,-111.57390345809982,1.823392089659444,OpenStreetMap
BYOB,0.7,60,6545.0,6701.6,6639.8,156.6,15.6,15.9,25.8,5.0,0.0,16.7,78.3,Pinebrook,40.718283985000745,-111.55661288864135,0.6534171971818998,OpenStreetMap
Canyons Downhill,1.2,101,7182.1,8294.1,7666.2,1112.0,26.4,27.3,37.8,17.8,0.0,64.4,17.8,Pinebrook,40.68430916809496,-111.56849091879047,1.2349972851489512,OpenStreetMap
Ecker Hill Trail,0.5,45,6356.3,6420.5,6401.3,64.2,8.7,8.9,14.0,0.0,0.0,22.2,77.8,Pinebrook,40.740364526144575,-111.5667817840803,0.5065013929210281,OpenStreetMap
Gorgoza Park,1.6,136,6378.8,6831.0,6619.5,452.1,13.6,13.9,25.2,2.2,1.5,87.5,8.8,Pinebrook,40.75144469967726,-111.581432624726,1.639316024629228,OpenStreetMap
High Meadows Connector,0.2,14,6418.7,6445.0,6429.9,26.2,8.6,9.1,12.6,0.0,0.0,14.3,85.7,Pinebrook,40.74134938710701,-111.56847869190176,0.1519029057589137,OpenStreetMap
Holly's,2.2,182,7520.7,8241.4,7824.2,720.7,27.2,28.3,42.4,12.1,1.6,67.0,19.2,Pinebrook,40.68604417524608,-111.57782170773478,2.155907893140113,OpenStreetMap
Moose Puddle,3.4,280,6993.8,8052.9,7487.6,1059.2,23.4,24.1,33.7,6.4,0.0,55.0,38.6,Pinebrook,40.70548588260783,-111.56718578772085,3.3616251296423325,OpenStreetMap
OMH,0.9,73,6531.5,6827.5,6677.5,296.0,14.7,15.1,23.3,8.2,0.0,30.1,61.6,Pinebrook,40.71997692753587,-111.55773747935044,0.8914186515580015,OpenStreetMap
Olympic,1.2,98,7911.4,8056.5,8004.0,145.1,21.3,23.7,31.0,5.1,23.5,63.3,8.2,Pinebrook,40.69996684096533,-111.57868853500152,1.1975079731476488,OpenStreetMap
Pinebrook Point,0.3,26,6553.0,6684.0,6623.3,131.0,12.0,11.9,19.3,0.0,0.0,11.5,88.5,Pinebrook,40.75079411917499,-111.57994193527573,0.2881355953837226,OpenStreetMap
Pinebrook Pointe South,0.1,11,6602.3,6649.2,6632.5,46.8,13.9,11.6,22.3,0.0,0.0,54.5,45.5,Pinebrook,40.74959135152933,-111.5795998040212,0.1134043234835374,OpenStreetMap
Pinebrook Southeast Perimeter / Hunter's Trail of the Mid Mountain,4.5,366,7281.3,8136.4,7875.5,855.1,23.6,23.4,40.6,8.7,12.8,35.0,43.4,Pinebrook,40.71419878562093,-111.5896757552273,4.525811705643719,OpenStreetMap
Pinebrook Southeast Perimeter / Pinebrook SE Perimeter,1.7,138,7120.0,7559.3,7392.0,439.3,19.9,21.5,33.8,20.3,36.2,6.5,37.0,Pinebrook,40.72863077219642,-111.58102679054537,1.699187531263875,OpenStreetMap
Pinebrook Southeast Perimeter Trail,3.9,320,6418.7,7454.2,6947.5,1035.5,22.5,22.0,36.2,48.1,1.6,18.4,31.9,Pinebrook,40.73058687532795,-111.57244227312069,3.880521017620167,OpenStreetMap
Powerline,0.3,31,6493.6,6609.7,6548.4,116.1,15.7,15.5,21.0,0.0,0.0,25.8,74.2,Pinebrook,40.74237998272819,-111.5716363238219,0.3434758479310734,OpenStreetMap
Powerline Connector,0.1,13,6554.5,6626.1,6585.6,71.6,17.9,18.6,21.5,0.0,0.0,46.2,53.8,Pinebrook,40.74298978990414,-111.5728828415412,0.1379497777037637,OpenStreetMap
Rob's Trail,2.1,176,7146.5,7923.4,7584.0,776.9,25.6,26.0,35.1,18.2,1.1,75.0,5.7,Pinebrook,40.69704664952428,-111.5702364046946,2.135786089441396,OpenStreetMap
Tall Oaks Circle,0.3,23,6901.0,7028.0,6961.5,127.0,12.3,12.6,19.5,47.8,47.8,4.3,0.0,Pinebrook,40.73938310561022,-111.57541687830556,0.2701610359040627,OpenStreetMap
Yeti's,3.0,258,6939.0,8064.3,7539.3,1125.3,21.9,21.9,36.4,0.4,11.6,54.7,33.3,Pinebrook,40.70910944007779,-111.57083697014414,3.001535224781529,OpenStreetMap
Amenti,0.6,56,6473.3,6585.7,6526.6,112.4,5.3,4.8,12.4,12.5,82.1,3.6,1.8,Round Valley,40.71749758221375,-111.50096260266577,0.6201527187356672,OpenStreetMap
Ancient Forest Loop,1.0,83,6455.0,6516.1,6485.8,61.1,4.0,3.9,10.5,8.4,60.2,27.7,3.6,Round Valley,40.7314260153664,-111.49224006112888,1.0088314000247345,OpenStreetMap
Ashley Avenue,0.4,33,6774.5,6825.2,6794.6,50.7,11.9,14.5,19.8,21.2,0.0,0.0,78.8,Round Valley,40.68155854272997,-111.50389122653404,0.3878409183241668,OpenStreetMap
Backslide,1.0,88,6860.3,7059.5,6972.4,199.1,10.2,8.7,22.4,2.3,19.3,34.1,44.3,Round Valley,40.686236769495366,-111.49111386346571,1.0187654729293538,OpenStreetMap
Bamm Bamm,0.4,34,6610.1,6731.1,6667.3,121.1,9.9,9.9,16.2,2.9,35.3,61.8,0.0,Round Valley,40.71001316656963,-111.50256230173504,0.4041968793867334,OpenStreetMap
Barrel Roll,0.4,32,6940.9,7091.2,7017.0,150.4,7.0,6.7,14.7,34.4,65.6,0.0,0.0,Round Valley,40.69153134198254,-111.48458530535574,0.3669888734172983,OpenStreetMap
Big Easy,4.8,406,6685.3,6939.8,6776.5,254.5,10.0,9.0,19.4,19.7,6.2,21.4,52.7,Round Valley,40.696128326880846,-111.48285293654745,4.8269436046071705,OpenStreetMap
Bourbon Street,0.3,22,6651.3,6703.8,6673.3,52.6,8.6,8.9,15.2,0.0,18.2,31.8,50.0,Round Valley,40.70798253656,-111.48164466049944,0.2584540618096012,OpenStreetMap
Bronto Jam,0.5,39,6604.0,6731.1,6672.8,127.2,10.2,10.4,15.6,2.6,0.0,89.7,7.7,Round Valley,40.71004954775594,-111.501977414722,0.4627420126832732,OpenStreetMap
Cammy's,0.2,26,6937.8,6961.6,6953.5,23.8,5.2,4.3,11.3,3.8,7.7,69.2,19.2,Round Valley,40.69072662264133,-111.49673800313964,0.2430864375303162,OpenStreetMap
Downward Dog,1.6,131,6818.7,7089.6,6958.5,270.9,8.2,7.9,14.2,35.1,59.5,5.3,0.0,Round Valley,40.68865758594976,-111.48489883261024,1.5754699777071195,OpenStreetMap
Eagle Cove,0.1,12,6777.6,6823.9,6799.6,46.3,10.3,9.1,16.6,33.3,66.7,0.0,0.0,Round Valley,40.68665016051084,-111.49786169389527,0.126857981573994,OpenStreetMap
Equestrian,0.7,62,6462.5,6858.9,6719.1,396.4,7.8,7.4,19.2,8.1,79.0,0.0,12.9,Round Valley,40.70215181343843,-111.50219785223597,0.7015956398226353,OpenStreetMap
Euston,0.4,32,6904.9,7228.8,7062.9,323.9,12.2,12.4,19.9,0.0,31.2,68.8,0.0,Round Valley,40.65772556817424,-111.48315877249176,0.3602988732150772,OpenStreetMap
Fairway Hills Trail,0.3,29,6716.2,6779.8,6747.4,63.6,2.3,2.2,3.5,0.0,0.0,44.8,55.2,Round Valley,40.67853348641883,-111.47699791832557,0.329661526415702,OpenStreetMap
Fast Pitch Trail,1.3,117,6689.0,6826.1,6759.1,137.1,5.6,4.8,14.7,16.2,0.9,40.2,42.7,Round Valley,40.6798165110769,-111.47671870073196,1.3230966189034814,OpenStreetMap
Field Stone,0.4,33,6512.5,6549.9,6526.3,37.4,5.5,5.6,8.4,9.1,72.7,3.0,15.2,Round Valley,40.71706243943152,-111.49059329339536,0.3748577406112056,OpenStreetMap
Fox Tail Trail,0.8,70,7077.6,7206.1,7133.0,128.5,12.0,12.3,18.5,10.0,24.3,52.9,12.9,Round Valley,40.66564803508002,-111.47503092801368,0.7903515237253332,OpenStreetMap
Gambel Oak Cut,0.3,24,7160.2,7299.6,7240.9,139.4,14.9,14.8,20.3,0.0,8.3,79.2,12.5,Round Valley,40.65967079074984,-111.47871602858976,0.2825752537940119,OpenStreetMap
Happy Gilmor,2.0,185,6488.3,6651.3,6569.0,162.9,9.1,8.8,21.8,27.0,27.6,39.5,5.9,Round Valley,40.70712360033319,-111.5014684546231,2.0414220867562056,OpenStreetMap
Happy Trailside,0.1,15,6570.7,6621.7,6595.6,50.9,11.4,12.6,15.0,80.0,0.0,0.0,20.0,Round Valley,40.708413441306845,-111.50471867526606,0.1440901138707861,OpenStreetMap
Hat Trick Trail,1.3,112,6681.3,6803.8,6757.0,122.5,5.6,5.1,13.8,7.1,1.8,39.3,51.8,Round Valley,40.678830976721535,-111.47596646172724,1.3099808312583217,OpenStreetMap
High Side,0.6,46,6857.9,6929.0,6909.3,71.1,14.8,13.7,25.3,8.7,0.0,39.1,52.2,Round Valley,40.69388247977245,-111.4770589235944,0.5549129452262923,OpenStreetMap
Kari's,0.8,69,6807.2,6882.7,6850.2,75.5,12.1,11.6,20.1,4.3,0.0,17.4,78.3,Round Valley,40.69160040530727,-111.47515847036864,0.8242142951974101,OpenStreetMap
La Dee Duh,0.9,82,6814.7,6919.2,6864.5,104.5,11.9,12.5,21.3,2.4,80.5,17.1,0.0,Round Valley,40.69261799590889,-111.5001632592338,0.9507017857018896,OpenStreetMap
Lynx #2,1.6,131,6672.4,7099.9,6898.8,427.4,15.2,14.6,28.9,0.0,8.4,72.5,19.1,Round Valley,40.66734087696376,-111.46694625830712,1.5756217268412172,OpenStreetMap
Matt's Flat,1.0,101,6842.3,6958.4,6921.6,116.1,6.5,5.2,15.4,21.8,57.4,8.9,11.9,Round Valley,40.68924275786925,-111.49221205396208,0.9927422892442336,OpenStreetMap
Mountain Ranch Estates,1.4,133,6426.1,6632.7,6520.0,206.6,5.2,4.4,19.0,6.8,30.8,50.4,12.0,Round Valley,40.7173985998433,-111.50812726137713,1.4037578124872,OpenStreetMap
Mountain Willow,0.4,30,6544.8,6592.9,6571.7,48.1,5.3,3.4,18.2,3.3,46.7,50.0,0.0,Round Valley,40.71402930681007,-111.48565937361776,0.3535045636364693,OpenStreetMap
Mr Muchrocks,0.5,55,6604.6,6731.1,6653.2,126.5,11.8,11.9,20.3,52.7,43.6,0.0,3.6,Round Valley,40.70904482572548,-111.50323360919846,0.5037211665124999,OpenStreetMap
Nick NAC,0.1,16,6953.7,6971.6,6959.3,18.0,5.2,3.8,10.1,0.0,100.0,0.0,0.0,Round Valley,40.69210865876878,-111.490120990647,0.1333699109363034,OpenStreetMap
Nowhere Elks,1.3,119,6851.7,7128.6,7036.6,276.9,9.1,9.2,16.7,35.3,51.3,8.4,5.0,Round Valley,40.69018989582584,-111.48311322310164,1.2758017113875393,OpenStreetMap
PorcUclimb,0.8,69,7000.3,7127.6,7064.7,127.2,6.1,5.6,12.3,21.7,75.4,2.9,0.0,Round Valley,40.69402326414524,-111.48517031749344,0.802158431556794,OpenStreetMap
Practice Loops,0.6,51,6717.5,6795.3,6752.0,77.9,6.6,6.5,8.7,76.5,0.0,0.0,23.5,Round Valley,40.68336469607561,-111.47532267974417,0.5628768131850682,OpenStreetMap
Pulp Friction,1.4,114,6472.9,6878.8,6681.3,405.9,15.2,16.9,28.3,11.4,76.3,11.4,0.9,Round Valley,40.69884233324062,-111.50344523686547,1.38302990451943,OpenStreetMap
Quinn's Connect,0.5,46,6686.8,6763.4,6720.8,76.7,8.1,6.3,17.0,34.8,28.3,23.9,13.0,Round Valley,40.68185946906874,-111.4726829059293,0.4939434785004416,OpenStreetMap
Rademan Ridge,1.3,122,6783.4,6991.2,6895.6,207.8,6.0,4.0,15.0,38.5,27.0,26.2,8.2,Round Valley,40.69522706920315,-111.49835765815162,1.3367658963568754,OpenStreetMap
Ramble On,2.8,235,6720.6,6841.6,6781.5,121.0,11.0,10.2,23.4,0.0,6.4,48.9,44.7,Round Valley,40.70159467934347,-111.48028465593316,2.814865841371379,OpenStreetMap
Rambler,5.4,467,6468.6,7063.9,6809.2,595.3,10.5,9.3,23.6,8.4,41.3,24.2,26.1,Round Valley,40.69772226627651,-111.49065578495473,5.416205714045331,OpenStreetMap
Rambler DT,0.2,20,6470.0,6508.3,6485.7,38.4,12.3,12.3,16.9,0.0,100.0,0.0,0.0,Round Valley,40.699080350519786,-111.50674680507665,0.2305178170430023,OpenStreetMap
RocMon,0.6,46,6571.6,6786.6,6677.5,215.0,15.4,14.0,24.5,10.9,89.1,0.0,0.0,Round Valley,40.68788668982749,-111.4548390225179,0.5590620051312057,OpenStreetMap
Round Valley Connect,0.1,16,6573.7,6646.8,6606.7,73.1,9.1,9.4,12.2,81.2,6.2,0.0,12.5,Round Valley,40.70875221615484,-111.50427592382064,0.1195327127740979,OpenStreetMap
Round Valley Connector,1.9,176,6533.0,6760.4,6611.3,227.5,4.1,2.8,11.2,1.7,59.1,38.1,1.1,Round Valley,40.709506874143365,-111.48774034228174,1.923446131207782,OpenStreetMap
Round Valley Express,3.7,337,6624.2,6963.0,6812.1,338.8,5.9,5.2,20.9,29.7,16.3,32.9,21.1,Round Valley,40.69308554123404,-111.4897696424948,3.673050614354681,OpenStreetMap
Rusty Shovel,1.7,135,6727.2,7062.5,6868.8,335.3,10.0,9.9,18.9,8.9,0.0,54.8,36.3,Round Valley,40.69776625143012,-111.4804885556652,1.6576899125243745,OpenStreetMap
Rusty Spur,0.1,13,6714.0,6747.5,6731.2,33.5,10.1,10.0,11.8,0.0,0.0,0.0,100.0,Round Valley,40.70159189598121,-111.4765958017646,0.1232911364079461,OpenStreetMap
SQ Connector Trail,0.3,26,6689.9,6760.9,6728.8,71.1,6.3,5.8,15.7,15.4,0.0,0.0,84.6,Round Valley,40.68949659271035,-111.47067515084642,0.2778453173735368,OpenStreetMap
Saved By The Bell,1.3,120,6511.5,6665.6,6568.5,154.2,9.7,10.4,18.0,15.0,85.0,0.0,0.0,Round Valley,40.71689792497153,-111.49958806368429,1.2879197121150288,OpenStreetMap
Seventy 101,0.4,39,6955.8,7036.1,6974.3,80.4,3.6,2.9,8.3,23.1,17.9,46.2,12.8,Round Valley,40.68968411592925,-111.49103639156762,0.4149126989718539,OpenStreetMap
Silver Creek Trail,1.5,125,6472.0,6522.3,6494.3,50.3,3.4,3.1,9.1,28.0,14.4,15.2,42.4,Round Valley,40.728195917662575,-111.48449884114967,1.5007527883111849,OpenStreetMap
Silver Gate,0.4,43,6510.4,6517.6,6513.4,7.2,1.6,1.5,3.8,20.9,62.8,16.3,0.0,Round Valley,40.72728013881357,-111.46748664430804,0.4310718574879157,OpenStreetMap
Sloppy Joe,0.3,28,6616.1,6684.3,6658.4,68.3,10.1,10.4,19.5,10.7,75.0,14.3,0.0,Round Valley,40.71599935057343,-111.49742827056478,0.3312919889127892,OpenStreetMap
Somewhere Elks,1.0,78,6796.2,7145.1,6977.4,348.9,10.8,11.0,23.8,84.6,6.4,0.0,9.0,Round Valley,40.68702802029736,-111.47813858810876,0.9545314589567504,OpenStreetMap
South Canyon,4.0,322,6549.1,6909.1,6732.0,360.0,10.4,10.8,23.6,28.3,69.6,1.9,0.3,Round Valley,40.697084178294816,-111.45372200426904,3.956260431627382,OpenStreetMap
Sunny Slopes Trail,0.1,14,6823.0,6832.1,6826.8,9.2,2.4,2.3,3.7,14.3,0.0,14.3,71.4,Round Valley,40.68377753714063,-111.48540217687854,0.1238837904180493,OpenStreetMap
TSP Skils Area,0.3,43,6646.3,6691.8,6671.9,45.4,8.0,8.2,14.7,30.2,0.0,4.7,65.1,Round Valley,40.70929244417837,-111.50545423904256,0.3144598032521032,OpenStreetMap
Tar Pits Jump Line,0.1,12,6650.4,6685.4,6663.3,34.9,4.8,4.2,11.8,8.3,0.0,16.7,75.0,Round Valley,40.70948336187246,-111.50501444482678,0.1137408600215062,OpenStreetMap
The Great Gazoo,0.5,40,6602.3,6731.1,6662.9,128.9,11.1,11.7,16.5,5.0,0.0,52.5,42.5,Round Valley,40.70997890100696,-111.50140660314835,0.4774335634393079,OpenStreetMap
Tim Man,1.4,122,6648.4,6875.3,6766.9,226.9,7.3,6.8,15.0,0.8,59.8,38.5,0.8,Round Valley,40.70348842863846,-111.50080894755244,1.4313906993806629,OpenStreetMap
Trailside,0.1,14,6473.9,6486.7,6480.1,12.8,3.6,3.6,5.7,0.0,0.0,28.6,71.4,Round Valley,40.71864159830864,-111.50336949570412,0.1336978553050026,OpenStreetMap
Trailside Connector,0.1,10,6498.8,6512.4,6504.2,13.6,2.6,2.8,4.3,10.0,60.0,30.0,0.0,Round Valley,40.71611276967259,-111.5017965665912,0.1025662080838177,OpenStreetMap
Trailside Loop,1.2,128,6532.2,6679.2,6609.7,147.0,7.7,7.4,17.1,0.0,0.0,42.2,57.8,Round Valley,40.71199117049012,-111.50483999800892,1.2478704334332318,OpenStreetMap
Truckhole,0.7,58,6641.4,6877.9,6773.9,236.5,6.7,6.0,15.2,13.8,37.9,48.3,0.0,Round Valley,40.704351116822174,-111.50022157042804,0.6522932844577867,OpenStreetMap
Unga Bunga Skills and Pump Tradk,0.2,34,6579.8,6601.1,6590.1,21.3,5.9,5.5,12.3,0.0,2.9,94.1,2.9,Round Valley,40.71158064400824,-111.50217787755837,0.2154924693046523,OpenStreetMap
Up Track,0.5,66,6566.9,6731.1,6643.1,164.3,6.8,5.8,16.9,1.5,22.7,60.6,15.2,Round Valley,40.71007968280768,-111.50314659118624,0.502449343667892,OpenStreetMap
Wasatch,1.6,141,6451.9,6521.0,6475.9,69.1,3.4,3.0,9.7,60.3,36.9,1.4,1.4,Round Valley,40.742724215036304,-111.49568804225927,1.5775080558002732,OpenStreetMap
Yabba Dabba Doo,0.3,22,6613.2,6659.8,6636.2,46.6,6.5,6.8,9.5,0.0,0.0,90.9,9.1,Round Valley,40.71031601545331,-111.5039304608668,0.2606656020311819,OpenStreetMap
A Toll New World,1.3,108,6620.4,7055.3,6843.1,434.9,16.3,16.7,26.9,1.9,40.7,53.7,3.7,Summit Park,40.74525880222984,-111.59660432287036,1.3199893411215402,OpenStreetMap
Alexander Creek Trail,0.8,62,5784.7,5966.1,5873.5,181.4,8.7,7.0,24.8,66.1,14.5,19.4,0.0,Summit Park,40.75856130522611,-111.67962308025976,0.7556387957061136,OpenStreetMap
Dead Reckoning,0.6,48,6646.9,6981.7,6808.0,334.8,16.5,16.1,22.7,0.0,16.7,83.3,0.0,Summit Park,40.74804102527887,-111.5901705440554,0.5811514147534005,OpenStreetMap
Discovery,0.4,43,6578.7,6650.0,6614.4,71.3,11.5,10.0,24.8,0.0,20.9,46.5,32.6,Summit Park,40.74903521550762,-111.59463162387972,0.447115427740376,OpenStreetMap
Hidden Cove,0.2,16,6655.0,6725.6,6686.2,70.5,13.1,11.4,26.6,0.0,0.0,62.5,37.5,Summit Park,40.756655895607175,-111.597334386164,0.1768928860880538,OpenStreetMap
Little Engine Trail,0.3,23,6693.2,6736.7,6709.3,43.5,9.5,10.2,17.8,4.3,0.0,82.6,13.0,Summit Park,40.756690732809,-111.59562244098744,0.251119741016382,OpenStreetMap
Moose Hollow,1.0,80,6221.3,6678.6,6467.6,457.3,17.4,18.6,25.5,25.0,0.0,2.5,72.5,Summit Park,40.76397899834495,-111.58866445905328,0.954982345096457,OpenStreetMap
No Worries,2.1,174,6892.9,7679.1,7289.1,786.2,24.7,24.9,33.3,2.3,0.0,63.2,34.5,Summit Park,40.73716048778493,-111.60234213265907,2.143146367786249,OpenStreetMap
Pale Green Dot,1.0,79,6633.4,6985.9,6802.1,352.4,16.5,16.0,25.2,0.0,69.6,27.8,2.5,Summit Park,40.74689592786439,-111.59182437672968,0.9578629059030004,OpenStreetMap
Parley's Lane,1.0,86,6641.6,6766.5,6719.0,124.9,9.3,8.9,19.0,33.7,2.3,19.8,44.2,Summit Park,40.75375624958085,-111.59849347383722,0.9976139571246816,OpenStreetMap
Road to WOS,2.8,236,7391.3,7924.7,7712.2,533.4,25.7,27.6,35.9,0.0,13.6,79.2,7.2,Summit Park,40.73344363030311,-111.61407104321202,2.846894499542623,OpenStreetMap
Short Ribs,0.2,21,7670.7,7741.2,7705.3,70.5,24.0,23.9,30.9,0.0,0.0,0.0,100.0,Summit Park,40.7348537895427,-111.62048055745409,0.2382647489870312,OpenStreetMap
Short Stack,1.5,127,7374.7,7830.5,7652.8,455.8,26.7,26.7,36.8,7.1,0.0,43.3,49.6,Summit Park,40.73936874753804,-111.6200542747078,1.5298419589516867,OpenStreetMap
Spare Change,0.3,24,6772.5,6883.6,6827.9,111.1,23.6,25.8,34.2,0.0,0.0,25.0,75.0,Summit Park,40.74164553017363,-111.60031464541484,0.278084249654691,OpenStreetMap
The Avenues,1.7,142,6907.1,7241.2,7081.5,334.2,20.5,20.6,30.1,62.7,0.0,0.0,37.3,Summit Park,40.75998198374273,-111.6028265058925,1.7294010502001815,OpenStreetMap
The Sheep Trail,2.2,181,5959.2,6672.0,6217.2,712.7,14.8,14.0,28.0,44.8,39.2,14.4,1.7,Summit Park,40.75746633469589,-111.667341513995,2.1588708273199493,OpenStreetMap
The Up Trail,1.0,87,6646.9,6985.9,6821.1,339.0,16.2,16.0,24.4,0.0,5.7,94.3,0.0,Summit Park,40.74822119025095,-111.58934600493023,1.0089891491898684,OpenStreetMap
The Upper Avenues,1.5,119,7235.4,7548.3,7425.0,312.8,12.4,12.1,27.0,56.3,8.4,16.0,19.3,Summit Park,40.75942210135698,-111.60997791538348,1.4526363665703086,OpenStreetMap
Great Western Trail,4.1,331,7338.2,7867.0,7571.3,528.8,11.5,10.4,34.6,44.7,31.4,10.3,13.6,Wasatch Crest / Millcreek,40.77286580912175,-111.6406537725031,4.063745438997692,OpenStreetMap
Great Western Trail / Great Western Trail bypass,1.4,114,6865.3,7548.3,7111.8,683.0,13.7,13.4,22.9,68.4,22.8,0.0,8.8,Wasatch Crest / Millcreek,40.7535574542296,-111.6313027356856,1.37457545430615,OpenStreetMap
