trail_name,final_area,latitude,longitude,mean_elevation_feet,latitude_grid,longitude_grid,elevation_band,weather_group_key,weather_group_id,representative_latitude,representative_longitude,representative_elevation_feet,trail_count,minimum_elevation_feet,maximum_elevation_feet,elevation_difference_from_group_feet
An Unexpected Journey Trail,Jordanelle,40.584095263003086,-111.41492155800285,6731.9,1623,-3714,13,1623_-3714_13,WG001,40.58840378840483,-111.40762165616921,6685.099999999999,6,6514.0,6895.7,46.80000000000018
Beep Beep Trail,Jordanelle,40.59039066618902,-111.4033797731244,6670.3,1623,-3714,13,1623_-3714_13,WG001,40.58840378840483,-111.40762165616921,6685.099999999999,6,6514.0,6895.7,14.799999999999272
Coyote Loop Trail,Jordanelle,40.58676467246392,-111.40272629625528,6895.7,1623,-3714,13,1623_-3714_13,WG001,40.58840378840483,-111.40762165616921,6685.099999999999,6,6514.0,6895.7,210.60000000000036
Putty Tat Trail,Jordanelle,40.59267845848291,-111.40267007297948,6514.0,1623,-3714,13,1623_-3714_13,WG001,40.58840378840483,-111.40762165616921,6685.099999999999,6,6514.0,6895.7,171.09999999999945
Riverview West Trail,Jordanelle,40.58565113588149,-111.41386481977428,6730.6,1623,-3714,13,1623_-3714_13,WG001,40.58840378840483,-111.40762165616921,6685.099999999999,6,6514.0,6895.7,45.50000000000091
Tweety Bird Trail,Jordanelle,40.59084253440856,-111.40816741687898,6568.1,1623,-3714,13,1623_-3714_13,WG001,40.58840378840483,-111.40762165616921,6685.099999999999,6,6514.0,6895.7,116.99999999999909
Looney Tunes Trail,Jordanelle,40.58370423178651,-111.40605522395904,7149.3,1623,-3714,14,1623_-3714_14,WG002,40.58370423178651,-111.40605522395904,7149.3,1,7149.3,7149.3,0.0
WOW (Wasatch Over Wasatch) Trail,Deer Valley,40.585198990338895,-111.50729227137398,8248.2,1623,-3717,16,1623_-3717_16,WG003,40.585198990338895,-111.50729227137398,8248.2,1,8248.2,8248.2,0.0
Heard It Both Ways Trail,Deer Valley,40.593082879194085,-111.49125770411068,8855.0,1623,-3717,17,1623_-3717_17,WG004,40.59253130725229,-111.4945768147197,8693.75,2,8532.5,8855.0,161.25
Tricky Pickle Trail,Deer Valley,40.59197973531048,-111.49789592532872,8532.5,1623,-3717,17,1623_-3717_17,WG004,40.59253130725229,-111.4945768147197,8693.75,2,8532.5,8855.0,161.25
Bow Hunter Extension,Deer Valley,40.59796119210968,-111.4848069886625,9014.7,1623,-3717,18,1623_-3717_18,WG005,40.59796119210968,-111.4848069886625,9014.7,1,9014.7,9014.7,0.0
Lavina,Deer Valley,40.58376333945228,-111.52567195673171,8621.7,1623,-3718,17,1623_-3718_17,WG006,40.58602891944682,-111.5191730844668,8579.766666666666,3,8552.8,8621.7,41.9333333333343
Wowza Downhill Trail,Deer Valley,40.58677474689952,-111.51626735679228,8564.8,1623,-3718,17,1623_-3718_17,WG006,40.58602891944682,-111.5191730844668,8579.766666666666,3,8552.8,8621.7,14.966666666667152
Wowza Trail,Deer Valley,40.58754867198866,-111.51557993987645,8552.8,1623,-3718,17,1623_-3718_17,WG006,40.58602891944682,-111.5191730844668,8579.766666666666,3,8552.8,8621.7,26.96666666666715
Tall T Trail,Deer Valley,40.59029104976929,-111.52734087474852,9033.3,1623,-3718,18,1623_-3718_18,WG007,40.59029104976929,-111.52734087474852,9033.3,1,9033.3,9033.3,0.0
Golden Needle,Park City / PCMR,40.59452078975266,-111.56725110409884,9811.4,1623,-3719,19,1623_-3719_19,WG008,40.59163276785095,-111.56782206164368,9746.0,2,9680.6,9811.4,65.39999999999964
Rock Chuck Trail,Park City / PCMR,40.58874474594925,-111.56839301918852,9680.6,1623,-3719,19,1623_-3719_19,WG008,40.59163276785095,-111.56782206164368,9746.0,2,9680.6,9811.4,65.39999999999964
Alta-Brighton Trail,Park City / PCMR,40.59874189108338,-111.5904390735144,9081.0,1623,-3720,18,1623_-3720_18,WG009,40.59564462277464,-111.58213795548065,9189.1,4,9081.0,9276.0,108.10000000000036
Brighton Lakes Trail,Park City / PCMR,40.59287052758444,-111.58751257009568,9276.0,1623,-3720,18,1623_-3720_18,WG009,40.59564462277464,-111.58213795548065,9189.1,4,9081.0,9276.0,86.89999999999964
Easy Rider,Park City / PCMR,40.59580193116481,-111.57632308440664,9141.3,1623,-3720,18,1623_-3720_18,WG009,40.59564462277464,-111.58213795548065,9189.1,4,9081.0,9276.0,47.80000000000109
Moose Tracks Trail,Park City / PCMR,40.59516414126596,-111.57427709390586,9258.1,1623,-3720,18,1623_-3720_18,WG009,40.59564462277464,-111.58213795548065,9189.1,4,9081.0,9276.0,69.0
Catherine's Pass Trail,Park City / PCMR,40.585096359880005,-111.59078643106362,9753.9,1623,-3720,19,1623_-3720_19,WG010,40.58630944738377,-111.57685914384426,9723.9,4,9625.4,9813.5,30.0
Clayton Peak Trail,Park City / PCMR,40.58693552999217,-111.57085635011327,9813.5,1623,-3720,19,1623_-3720_19,WG010,40.58630944738377,-111.57685914384426,9723.9,4,9625.4,9813.5,89.60000000000036
Snake Pit Trail,Park City / PCMR,40.58750533085767,-111.57189033610032,9625.4,1623,-3720,19,1623_-3720_19,WG010,40.58630944738377,-111.57685914384426,9723.9,4,9625.4,9813.5,98.5
Wasatch Wiggle Trail,Park City / PCMR,40.58570056880523,-111.57390345809982,9702.8,1623,-3720,19,1623_-3720_19,WG010,40.58630944738377,-111.57685914384426,9723.9,4,9625.4,9813.5,21.100000000000364
Daly Canyon,Deer Valley,40.620194319264456,-111.50922727258838,7986.4,1624,-3717,15,1624_-3717_15,WG011,40.622988362254524,-111.50832399147357,7906.433333333333,3,7745.3,7987.6,79.96666666666624
Daly Grind,Deer Valley,40.62436395642222,-111.5065519695764,7745.3,1624,-3717,15,1624_-3717_15,WG011,40.622988362254524,-111.50832399147357,7906.433333333333,3,7745.3,7987.6,161.1333333333332
Speedbag,Deer Valley,40.624406811076895,-111.50919273225593,7987.6,1624,-3717,15,1624_-3717_15,WG011,40.622988362254524,-111.50832399147357,7906.433333333333,3,7745.3,7987.6,81.16666666666697
Empire Link,Deer Valley,40.62422557470265,-111.50748256286928,8022.2,1624,-3717,16,1624_-3717_16,WG012,40.61888894754071,-111.49552539062498,8248.885714285714,7,8022.2,8441.1,226.6857142857143
Izzy's Inferno (Dog Pound),Deer Valley,40.619811878384205,-111.48856422719636,8193.5,1624,-3717,16,1624_-3717_16,WG012,40.61888894754071,-111.49552539062498,8248.885714285714,7,8022.2,8441.1,55.38571428571413
Old Homeward Bound,Deer Valley,40.61357496233911,-111.48964629692756,8441.1,1624,-3717,16,1624_-3717_16,WG012,40.61888894754071,-111.49552539062498,8248.885714285714,7,8022.2,8441.1,192.21428571428623
Pedalers Inn,Deer Valley,40.61923438649311,-111.4865707901735,8286.8,1624,-3717,16,1624_-3717_16,WG012,40.61888894754071,-111.49552539062498,8248.885714285714,7,8022.2,8441.1,37.91428571428514
Sam's Trail,Deer Valley,40.61912724197413,-111.50964994268364,8145.3,1624,-3717,16,1624_-3717_16,WG012,40.61888894754071,-111.49552539062498,8248.885714285714,7,8022.2,8441.1,103.58571428571395
Shenanigans,Deer Valley,40.62034189886961,-111.49849814997506,8237.7,1624,-3717,16,1624_-3717_16,WG012,40.61888894754071,-111.49552539062498,8248.885714285714,7,8022.2,8441.1,11.185714285713402
Twist & Shout,Deer Valley,40.61590669002216,-111.48826576454944,8415.6,1624,-3717,16,1624_-3717_16,WG012,40.61888894754071,-111.49552539062498,8248.885714285714,7,8022.2,8441.1,166.71428571428623
Aspen Slalom,Deer Valley,40.61311265842392,-111.48457791355952,8816.9,1624,-3717,17,1624_-3717_17,WG013,40.610814436427205,-111.49398474023121,8782.257142857143,21,8563.5,8996.4,34.64285714285688
Boulder,Deer Valley,40.61539223980999,-111.50399769475118,8635.0,1624,-3717,17,1624_-3717_17,WG013,40.610814436427205,-111.49398474023121,8782.257142857143,21,8563.5,8996.4,147.25714285714275
Boulder / Trump,Deer Valley,40.610998229404565,-111.50208555144307,8996.4,1624,-3717,17,1624_-3717_17,WG013,40.610814436427205,-111.49398474023121,8782.257142857143,21,8563.5,8996.4,214.14285714285688
Deer Camp,Deer Valley,40.60519585339864,-111.4911066437841,8920.6,1624,-3717,17,1624_-3717_17,WG013,40.610814436427205,-111.49398474023121,8782.257142857143,21,8563.5,8996.4,138.3428571428576
Fireswamp,Deer Valley,40.61340925382439,-111.48239833860336,8873.0,1624,-3717,17,1624_-3717_17,WG013,40.610814436427205,-111.49398474023121,8782.257142857143,21,8563.5,8996.4,90.74285714285725
Flagstaff Loop,Deer Valley,40.60758047007656,-111.496735533601,8898.0,1624,-3717,17,1624_-3717_17,WG013,40.610814436427205,-111.49398474023121,8782.257142857143,21,8563.5,8996.4,115.74285714285725
Holy Roller,Deer Valley,40.6113609111251,-111.48708066137604,8716.2,1624,-3717,17,1624_-3717_17,WG013,40.610814436427205,-111.49398474023121,8782.257142857143,21,8563.5,8996.4,66.05714285714203
Jeep Hill (Safety Coridoor),Deer Valley,40.60451306969404,-111.50923514571896,8820.6,1624,-3717,17,1624_-3717_17,WG013,40.610814436427205,-111.49398474023121,8782.257142857143,21,8563.5,8996.4,38.34285714285761
Moosebones,Deer Valley,40.61167254823319,-111.50326786094648,8857.2,1624,-3717,17,1624_-3717_17,WG013,40.610814436427205,-111.49398474023121,8782.257142857143,21,8563.5,8996.4,74.94285714285797
Ontario Canyon,Deer Valley,40.61130277448227,-111.48755898005427,8755.1,1624,-3717,17,1624_-3717_17,WG013,40.610814436427205,-111.49398474023121,8782.257142857143,21,8563.5,8996.4,27.15714285714239
Payroll,Deer Valley,40.61095393430099,-111.5094443089702,8630.4,1624,-3717,17,1624_-3717_17,WG013,40.610814436427205,-111.49398474023121,8782.257142857143,21,8563.5,8996.4,151.85714285714312
Sunset,Deer Valley,40.61222429898699,-111.48546906629171,8777.5,1624,-3717,17,1624_-3717_17,WG013,40.610814436427205,-111.49398474023121,8782.257142857143,21,8563.5,8996.4,4.757142857142753
Super G,Deer Valley,40.6078734147108,-111.486644562986,8939.8,1624,-3717,17,1624_-3717_17,WG013,40.610814436427205,-111.49398474023121,8782.257142857143,21,8563.5,8996.4,157.54285714285652
Team Big Bear,Deer Valley,40.61639926546102,-111.50010669410356,8610.0,1624,-3717,17,1624_-3717_17,WG013,40.610814436427205,-111.49398474023121,8782.257142857143,21,8563.5,8996.4,172.25714285714275
Thieves Forest,Deer Valley,40.61553068086176,-111.48245627012813,8597.7,1624,-3717,17,1624_-3717_17,WG013,40.610814436427205,-111.49398474023121,8782.257142857143,21,8563.5,8996.4,184.55714285714203
Tidal Wave,Deer Valley,40.610548014761406,-111.48897388892838,8737.9,1624,-3717,17,1624_-3717_17,WG013,40.610814436427205,-111.49398474023121,8782.257142857143,21,8563.5,8996.4,44.35714285714312
Tour De Suds (Upper),Deer Valley,40.614682713092186,-111.50609195133156,8563.5,1624,-3717,17,1624_-3717_17,WG013,40.610814436427205,-111.49398474023121,8782.257142857143,21,8563.5,8996.4,218.75714285714275
Trump,Deer Valley,40.60903529522874,-111.4964159868453,8771.6,1624,-3717,17,1624_-3717_17,WG013,40.610814436427205,-111.49398474023121,8782.257142857143,21,8563.5,8996.4,10.65714285714239
Tsunami,Deer Valley,40.61166268615432,-111.48706860055302,8747.8,1624,-3717,17,1624_-3717_17,WG013,40.610814436427205,-111.49398474023121,8782.257142857143,21,8563.5,8996.4,34.45714285714348
Tug of War Trail,Deer Valley,40.60218815889535,-111.4963014769127,8962.3,1624,-3717,17,1624_-3717_17,WG013,40.610814436427205,-111.49398474023121,8782.257142857143,21,8563.5,8996.4,180.04285714285652
Twist and Shout,Deer Valley,40.61146669404505,-111.486662413967,8799.9,1624,-3717,17,1624_-3717_17,WG013,40.610814436427205,-111.49398474023121,8782.257142857143,21,8563.5,8996.4,17.642857142856883
Bow Hunter,Deer Valley,40.60108596513679,-111.48484426536052,9020.3,1624,-3717,18,1624_-3717_18,WG014,40.60622522843789,-111.48265166343101,9046.5,2,9020.3,9072.7,26.200000000000728
Thieves Forrest,Deer Valley,40.611364491739,-111.4804590615015,9072.7,1624,-3717,18,1624_-3717_18,WG014,40.60622522843789,-111.48265166343101,9046.5,2,9020.3,9072.7,26.200000000000728
Empire Lodge,Deer Valley,40.61442062316093,-111.51298418240138,8439.2,1624,-3718,16,1624_-3718_16,WG015,40.62070537872283,-111.51305445334124,8305.02,5,8146.4,8439.2,134.1800000000003
Johns 99,Deer Valley,40.62450457371346,-111.51231498110546,8231.6,1624,-3718,16,1624_-3718_16,WG015,40.62070537872283,-111.51305445334124,8305.02,5,8146.4,8439.2,73.42000000000007
Link,Deer Valley,40.624117394272574,-111.51614328186776,8385.3,1624,-3718,16,1624_-3718_16,WG015,40.62070537872283,-111.51305445334124,8305.02,5,8146.4,8439.2,80.27999999999884
Little Chief,Deer Valley,40.61872839208637,-111.51243052868438,8322.6,1624,-3718,16,1624_-3718_16,WG015,40.62070537872283,-111.51305445334124,8305.02,5,8146.4,8439.2,17.579999999999927
Ore Cart,Deer Valley,40.621755910380834,-111.51139929264724,8146.4,1624,-3718,16,1624_-3718_16,WG015,40.62070537872283,-111.51305445334124,8305.02,5,8146.4,8439.2,158.6200000000008
Black Forest,Deer Valley,40.61940428916709,-111.52036519166067,8929.3,1624,-3718,17,1624_-3718_17,WG016,40.61430204364837,-111.51910832988777,8811.65,12,8599.5,8958.8,117.64999999999964
Bonanza Loop Trail,Deer Valley,40.60282163896819,-111.52815381158308,8908.5,1624,-3718,17,1624_-3718_17,WG016,40.61430204364837,-111.51910832988777,8811.65,12,8599.5,8958.8,96.85000000000036
Corvair,Deer Valley,40.61099169805087,-111.51230389508405,8648.6,1624,-3718,17,1624_-3718_17,WG016,40.61430204364837,-111.51910832988777,8811.65,12,8599.5,8958.8,163.04999999999927
Corvair (Upper),Deer Valley,40.60840912265719,-111.51090449857222,8883.3,1624,-3718,17,1624_-3718_17,WG016,40.61430204364837,-111.51910832988777,8811.65,12,8599.5,8958.8,71.64999999999964
Corvair Connector,Deer Valley,40.61070239150149,-111.5115633319795,8812.1,1624,-3718,17,1624_-3718_17,WG016,40.61430204364837,-111.51910832988777,8811.65,12,8599.5,8958.8,0.4500000000007276
Cyn City,Park City / PCMR,40.62106458390316,-111.52108056020784,8700.1,1624,-3718,17,1624_-3718_17,WG016,40.61430204364837,-111.51910832988777,8811.65,12,8599.5,8958.8,111.54999999999927
Empire Pass Connector,Deer Valley,40.60627316294136,-111.51481095351645,8948.4,1624,-3718,17,1624_-3718_17,WG016,40.61430204364837,-111.51910832988777,8811.65,12,8599.5,8958.8,136.75
Evil Empire,Park City / PCMR,40.61923823662483,-111.52513988679308,8746.8,1624,-3718,17,1624_-3718_17,WG016,40.61430204364837,-111.51910832988777,8811.65,12,8599.5,8958.8,64.85000000000036
Fat Lip,Park City / PCMR,40.62192963761681,-111.5279713594279,8931.1,1624,-3718,17,1624_-3718_17,WG016,40.61430204364837,-111.51910832988777,8811.65,12,8599.5,8958.8,119.45000000000073
McConkeys,Park City / PCMR,40.617956923480186,-111.52625119796232,8958.8,1624,-3718,17,1624_-3718_17,WG016,40.61430204364837,-111.51910832988777,8811.65,12,8599.5,8958.8,147.14999999999964
T&G,Deer Valley,40.611941402305575,-111.51506977898008,8673.3,1624,-3718,17,1624_-3718_17,WG016,40.61430204364837,-111.51910832988777,8811.65,12,8599.5,8958.8,138.35000000000036
T&G 2,Deer Valley,40.62089143656375,-111.51568549288604,8599.5,1624,-3718,17,1624_-3718_17,WG016,40.61430204364837,-111.51910832988777,8811.65,12,8599.5,8958.8,212.14999999999964
9K Trail,Park City / PCMR,40.61454424262402,-111.5340694590712,9222.8,1624,-3718,18,1624_-3718_18,WG017,40.61204535479932,-111.53286683509775,9229.779999999999,5,9025.4,9445.9,6.979999999999563
Bonanza Flat Overlook,Deer Valley,40.60116766018752,-111.5344182482656,9112.3,1624,-3718,18,1624_-3718_18,WG017,40.61204535479932,-111.53286683509775,9229.779999999999,5,9025.4,9445.9,117.47999999999956
Io Trail (Middle),Deer Valley,40.61025792344493,-111.52770861008732,9342.5,1624,-3718,18,1624_-3718_18,WG017,40.61204535479932,-111.53286683509775,9229.779999999999,5,9025.4,9445.9,112.72000000000116
Perrier Pass,Park City / PCMR,40.61814002894983,-111.53826776190397,9445.9,1624,-3718,18,1624_-3718_18,WG017,40.61204535479932,-111.53286683509775,9229.779999999999,5,9025.4,9445.9,216.1200000000008
Stiff Upper Lip,Park City / PCMR,40.61611691879028,-111.52987009616064,9025.4,1624,-3718,18,1624_-3718_18,WG017,40.61204535479932,-111.53286683509775,9229.779999999999,5,9025.4,9445.9,204.3799999999992
Jupiter Ridge,Park City / PCMR,40.61268065771163,-111.53867835914352,9869.4,1624,-3718,19,1624_-3718_19,WG018,40.61362040336093,-111.53695617408728,9685.5,3,9588.6,9869.4,183.89999999999964
McConkeys / Io Trail (Middle),Park City / PCMR,40.61168680632571,-111.53326494678502,9588.6,1624,-3718,19,1624_-3718_19,WG018,40.61362040336093,-111.53695617408728,9685.5,3,9588.6,9869.4,96.89999999999964
Pioneer Ridge,Park City / PCMR,40.61649374604546,-111.53892521633333,9598.5,1624,-3718,19,1624_-3718_19,WG018,40.61362040336093,-111.53695617408728,9685.5,3,9588.6,9869.4,87.0
Comstock Mine Trail,Park City / PCMR,40.62270505527668,-111.54357954562096,8723.6,1624,-3719,17,1624_-3719_17,WG019,40.62270505527668,-111.54357954562096,8723.6,1,8723.6,8723.6,0.0
Blazing Saddle,Park City / PCMR,40.61652898868821,-111.55635878361066,9384.9,1624,-3719,18,1624_-3719_18,WG020,40.61411427707917,-111.55642236610704,9308.525,4,9179.4,9423.9,76.375
Rogue Rider Trail,Park City / PCMR,40.60699361060532,-111.56187339427328,9423.9,1624,-3719,18,1624_-3719_18,WG020,40.61411427707917,-111.55642236610704,9308.525,4,9179.4,9423.9,115.375
Shadow Lake,Park City / PCMR,40.61596037279941,-111.55009628848111,9179.4,1624,-3719,18,1624_-3719_18,WG020,40.61411427707917,-111.55642236610704,9308.525,4,9179.4,9423.9,129.125
Wasatch Crest Connect,Park City / PCMR,40.616974136223725,-111.55736099806312,9245.9,1624,-3719,18,1624_-3719_18,WG020,40.61411427707917,-111.55642236610704,9308.525,4,9179.4,9423.9,62.625
Dead Tree,Park City / PCMR,40.611358588022426,-111.54588982448988,9653.6,1624,-3719,19,1624_-3719_19,WG021,40.61124195456744,-111.5513721327718,9727.866666666667,3,9653.6,9871.3,74.26666666666642
Jupiter Peak,Park City / PCMR,40.610319419324455,-111.54904593331813,9871.3,1624,-3719,19,1624_-3719_19,WG021,40.61124195456744,-111.5513721327718,9727.866666666667,3,9653.6,9871.3,143.43333333333248
Scott's Bypass,Park City / PCMR,40.612047856355446,-111.55918064050742,9658.7,1624,-3719,19,1624_-3719_19,WG021,40.61124195456744,-111.5513721327718,9727.866666666667,3,9653.6,9871.3,69.16666666666606
East Fallen Pines Lane,Park City / PCMR,40.61551642366452,-111.57912837068116,8712.4,1624,-3720,17,1624_-3720_17,WG022,40.61320795505473,-111.57880643059633,8739.099999999999,2,8712.4,8765.8,26.69999999999891
Forest Glen Trail,Park City / PCMR,40.61089948644494,-111.5784844905115,8765.8,1624,-3720,17,1624_-3720_17,WG022,40.61320795505473,-111.57880643059633,8739.099999999999,2,8712.4,8765.8,26.700000000000728
Old Stage Crest Connect,Park City / PCMR,40.61247305094488,-111.5715274805363,9057.3,1624,-3720,18,1624_-3720_18,WG023,40.61247305094488,-111.5715274805363,9057.3,1,9057.3,9057.3,0.0
Jordanelle Perimeter Trail,Jordanelle,40.633349610731685,-111.4121970547725,6216.7,1625,-3714,12,1625_-3714_12,WG024,40.63862398769229,-111.41096225934186,6236.049999999999,2,6216.7,6255.4,19.349999999999454
Keetley,Jordanelle,40.6438983646529,-111.4097274639112,6255.4,1625,-3714,12,1625_-3714_12,WG024,40.63862398769229,-111.41096225934186,6236.049999999999,2,6216.7,6255.4,19.350000000000364
Tideline,Jordanelle,40.64171272429878,-111.40053564270964,6530.0,1625,-3714,13,1625_-3714_13,WG025,40.64171272429878,-111.40053564270964,6530.0,1,6530.0,6530.0,0.0
Constellation Trail,Jordanelle,40.6428753631073,-111.43505033038012,6261.6,1625,-3715,12,1625_-3715_12,WG026,40.63538712442058,-111.43401393310636,6285.233333333334,3,6210.9,6383.2,23.633333333333212
Deep Park Circle,Jordanelle,40.626894083286025,-111.43587347972714,6383.2,1625,-3715,12,1625_-3715_12,WG026,40.63538712442058,-111.43401393310636,6285.233333333334,3,6210.9,6383.2,97.96666666666624
Jordanelle (West Bank) Trail,Jordanelle,40.63639192686843,-111.4311179892118,6210.9,1625,-3715,12,1625_-3715_12,WG026,40.63538712442058,-111.43401393310636,6285.233333333334,3,6210.9,6383.2,74.33333333333394
Kaboom Trail / Call Sign Casa Trail,Jordanelle,40.62794719612903,-111.45468580169128,6888.6,1625,-3716,13,1625_-3716_13,WG027,40.63189324838743,-111.45401786787947,6785.2,3,6692.5,6888.6,103.40000000000055
We'll Go From There,Jordanelle,40.633559740125165,-111.4528915193202,6692.5,1625,-3716,13,1625_-3716_13,WG027,40.63189324838743,-111.45401786787947,6785.2,3,6692.5,6888.6,92.69999999999982
You Get It,Jordanelle,40.63417280890808,-111.45447628262694,6774.5,1625,-3716,13,1625_-3716_13,WG027,40.63189324838743,-111.45401786787947,6785.2,3,6692.5,6888.6,10.699999999999818
Agitator Trail,Deer Valley,40.62594479567907,-111.46053082324435,7171.6,1625,-3716,14,1625_-3716_14,WG028,40.63813533360966,-111.46989278217144,7285.635714285715,14,7008.1,7464.6,114.03571428571468
Finns,Deer Valley,40.640763495812735,-111.47689190658058,7214.2,1625,-3716,14,1625_-3716_14,WG028,40.63813533360966,-111.46989278217144,7285.635714285715,14,7008.1,7464.6,71.43571428571522
Gap Bypass Trail,Deer Valley,40.64123747413292,-111.47577580871994,7306.6,1625,-3716,14,1625_-3716_14,WG028,40.63813533360966,-111.46989278217144,7285.635714285715,14,7008.1,7464.6,20.964285714285325
Gap Loop,Deer Valley,40.6409109833561,-111.47399614902376,7445.8,1625,-3716,14,1625_-3716_14,WG028,40.63813533360966,-111.46989278217144,7285.635714285715,14,7008.1,7464.6,160.16428571428514
Little Stick,Deer Valley,40.63409637421967,-111.478301770839,7464.6,1625,-3716,14,1625_-3716_14,WG028,40.63813533360966,-111.46989278217144,7285.635714285715,14,7008.1,7464.6,178.96428571428532
Lower Village,Deer Valley,40.64043848354113,-111.46360640728942,7008.1,1625,-3716,14,1625_-3716_14,WG028,40.63813533360966,-111.46989278217144,7285.635714285715,14,7008.1,7464.6,277.5357142857147
Pipeline,Deer Valley,40.63885618836171,-111.46966538134832,7356.9,1625,-3716,14,1625_-3716_14,WG028,40.63813533360966,-111.46989278217144,7285.635714285715,14,7008.1,7464.6,71.2642857142846
Rinse Cycle Trail,Deer Valley,40.62990230274806,-111.45944053119273,7191.1,1625,-3716,14,1625_-3716_14,WG028,40.63813533360966,-111.46989278217144,7285.635714285715,14,7008.1,7464.6,94.53571428571468
Snowtop,Deer Valley,40.64752229561398,-111.4705824068134,7443.3,1625,-3716,14,1625_-3716_14,WG028,40.63813533360966,-111.46989278217144,7285.635714285715,14,7008.1,7464.6,157.66428571428514
Spin Cycle Trail,Deer Valley,40.63411801502942,-111.46082430079326,7178.8,1625,-3716,14,1625_-3716_14,WG028,40.63813533360966,-111.46989278217144,7285.635714285715,14,7008.1,7464.6,106.83571428571486
St. Regis Trail,Deer Valley,40.639112933407205,-111.47591481144916,7383.3,1625,-3716,14,1625_-3716_14,WG028,40.63813533360966,-111.46989278217144,7285.635714285715,14,7008.1,7464.6,97.66428571428514
Village Pipeline Connector,Deer Valley,40.6391093200599,-111.472490526811,7336.8,1625,-3716,14,1625_-3716_14,WG028,40.63813533360966,-111.46989278217144,7285.635714285715,14,7008.1,7464.6,51.16428571428514
Village Trail,Deer Valley,40.64077448423082,-111.47113665558776,7315.2,1625,-3716,14,1625_-3716_14,WG028,40.63813533360966,-111.46989278217144,7285.635714285715,14,7008.1,7464.6,29.56428571428478
Village Trail / Pipeline,Deer Valley,40.64110752434245,-111.46934147070748,7182.6,1625,-3716,14,1625_-3716_14,WG028,40.63813533360966,-111.46989278217144,7285.635714285715,14,7008.1,7464.6,103.03571428571468
Deer Crest,Deer Valley,40.63553157935396,-111.47424740401932,7612.2,1625,-3716,15,1625_-3716_15,WG029,40.632916150131464,-111.4726972583342,7664.32,5,7537.3,7937.9,52.11999999999989
Humdinger,Deer Valley,40.626356336628135,-111.46720603877804,7537.3,1625,-3716,15,1625_-3716_15,WG029,40.632916150131464,-111.4726972583342,7664.32,5,7537.3,7937.9,127.01999999999953
Outlook,Deer Valley,40.63657831428653,-111.4685462481628,7646.2,1625,-3716,15,1625_-3716_15,WG029,40.632916150131464,-111.4726972583342,7664.32,5,7537.3,7937.9,18.11999999999989
Ripple Trail,Deer Valley,40.63554405253732,-111.47490110184252,7588.0,1625,-3716,15,1625_-3716_15,WG029,40.632916150131464,-111.4726972583342,7664.32,5,7537.3,7937.9,76.31999999999971
Undertow Trail,Deer Valley,40.63057046785135,-111.47858549886824,7937.9,1625,-3716,15,1625_-3716_15,WG029,40.632916150131464,-111.4726972583342,7664.32,5,7537.3,7937.9,273.5799999999999
Town,Park City / PCMR,40.64755940729975,-111.49861999854691,6988.0,1625,-3717,13,1625_-3717_13,WG030,40.64755940729975,-111.49861999854691,6988.0,1,6988.0,6988.0,0.0
Daily Overlook,Deer Valley,40.631723443280656,-111.4987920660294,7430.4,1625,-3717,14,1625_-3717_14,WG031,40.63884335537556,-111.49565802295125,7395.846153846154,13,7246.4,7482.8,34.55384615384537
Daly Avenue,Deer Valley,40.63079192228995,-111.49966938212476,7430.3,1625,-3717,14,1625_-3717_14,WG031,40.63884335537556,-111.49565802295125,7395.846153846154,13,7246.4,7482.8,34.453846153845916
Daly Bypass,Deer Valley,40.63469577874592,-111.4972952534869,7351.3,1625,-3717,14,1625_-3717_14,WG031,40.63884335537556,-111.49565802295125,7395.846153846154,13,7246.4,7482.8,44.546153846154084
Full Steam Billy,Park City / PCMR,40.64842922650065,-111.4945100220623,7246.4,1625,-3717,14,1625_-3717_14,WG031,40.63884335537556,-111.49565802295125,7395.846153846154,13,7246.4,7482.8,149.44615384615463
Gambel Oak Trail,Park City / PCMR,40.64847351910524,-111.48419757905585,7408.0,1625,-3717,14,1625_-3717_14,WG031,40.63884335537556,-111.49565802295125,7395.846153846154,13,7246.4,7482.8,12.153846153845734
Loose Moose,Park City / PCMR,40.64358346695202,-111.50940341630726,7446.3,1625,-3717,14,1625_-3717_14,WG031,40.63884335537556,-111.49565802295125,7395.846153846154,13,7246.4,7482.8,50.453846153845916
McHenry Avenue,Deer Valley,40.640126864152855,-111.49219625319049,7274.9,1625,-3717,14,1625_-3717_14,WG031,40.63884335537556,-111.49565802295125,7395.846153846154,13,7246.4,7482.8,120.94615384615463
Pointy Rocks,Deer Valley,40.63679995846106,-111.48172224533342,7428.0,1625,-3717,14,1625_-3717_14,WG031,40.63884335537556,-111.49565802295125,7395.846153846154,13,7246.4,7482.8,32.153846153845734
Prospect,Deer Valley,40.63405408516434,-111.49547333835608,7482.8,1625,-3717,14,1625_-3717_14,WG031,40.63884335537556,-111.49565802295125,7395.846153846154,13,7246.4,7482.8,86.95384615384592
Rossi Hill Trail,Deer Valley,40.63808222920599,-111.4919292526201,7341.8,1625,-3717,14,1625_-3717_14,WG031,40.63884335537556,-111.49565802295125,7395.846153846154,13,7246.4,7482.8,54.046153846154084
South Sweeney,Park City / PCMR,40.64194117786604,-111.49870009761844,7400.1,1625,-3717,14,1625_-3717_14,WG031,40.63884335537556,-111.49565802295125,7395.846153846154,13,7246.4,7482.8,4.253846153846098
Sweeney Switchbacks,Park City / PCMR,40.64428684826398,-111.50263935593632,7442.9,1625,-3717,14,1625_-3717_14,WG031,40.63884335537556,-111.49565802295125,7395.846153846154,13,7246.4,7482.8,47.05384615384537
Trappers Gate,Deer Valley,40.63197509989361,-111.497026036245,7462.8,1625,-3717,14,1625_-3717_14,WG031,40.63884335537556,-111.49565802295125,7395.846153846154,13,7246.4,7482.8,66.95384615384592
4:20,Deer Valley,40.63850725810498,-111.5016215026881,7810.7,1625,-3717,15,1625_-3717_15,WG032,40.63316129859746,-111.4972094920929,7772.594999999999,20,7565.4,7992.5,38.10500000000047
Devo,Deer Valley,40.6296740826892,-111.48374523511592,7963.4,1625,-3717,15,1625_-3717_15,WG032,40.63316129859746,-111.4972094920929,7772.594999999999,20,7565.4,7992.5,190.8050000000003
Empire Alternate,Deer Valley,40.62635819528807,-111.50016350153602,7943.1,1625,-3717,15,1625_-3717_15,WG032,40.63316129859746,-111.4972094920929,7772.594999999999,20,7565.4,7992.5,170.50500000000102
Flat Cable,Park City / PCMR,40.644102718034645,-111.505628746172,7565.4,1625,-3717,15,1625_-3717_15,WG032,40.63316129859746,-111.4972094920929,7772.594999999999,20,7565.4,7992.5,207.1949999999997
Grave Digger,Deer Valley,40.62962271716946,-111.50201210924322,7682.6,1625,-3717,15,1625_-3717_15,WG032,40.63316129859746,-111.4972094920929,7772.594999999999,20,7565.4,7992.5,89.99499999999898
Lower Devo Trail,Deer Valley,40.63290230557317,-111.48205615844142,7656.5,1625,-3717,15,1625_-3717_15,WG032,40.63316129859746,-111.4972094920929,7772.594999999999,20,7565.4,7992.5,116.09499999999935
Moose Poop,Deer Valley,40.633538239133244,-111.50120248027572,7607.1,1625,-3717,15,1625_-3717_15,WG032,40.63316129859746,-111.4972094920929,7772.594999999999,20,7565.4,7992.5,165.49499999999898
Moosehouse,Park City / PCMR,40.63204398195126,-111.5038481086022,7902.6,1625,-3717,15,1625_-3717_15,WG032,40.63316129859746,-111.4972094920929,7772.594999999999,20,7565.4,7992.5,130.00500000000102
Mother Urban,Deer Valley,40.63167066031289,-111.5034058570439,7904.1,1625,-3717,15,1625_-3717_15,WG032,40.63316129859746,-111.4972094920929,7772.594999999999,20,7565.4,7992.5,131.50500000000102
NCS,Deer Valley,40.62911396321707,-111.4803727621932,7992.5,1625,-3717,15,1625_-3717_15,WG032,40.63316129859746,-111.4972094920929,7772.594999999999,20,7565.4,7992.5,219.90500000000065
OMG,Deer Valley,40.631226274970665,-111.4973428195913,7571.3,1625,-3717,15,1625_-3717_15,WG032,40.63316129859746,-111.4972094920929,7772.594999999999,20,7565.4,7992.5,201.29499999999916
Old Skool,Deer Valley,40.631898683587,-111.48423208918877,7827.2,1625,-3717,15,1625_-3717_15,WG032,40.63316129859746,-111.4972094920929,7772.594999999999,20,7565.4,7992.5,54.60500000000047
Ontario Ridge,Deer Valley,40.62821582013441,-111.49780973717266,7815.3,1625,-3717,15,1625_-3717_15,WG032,40.63316129859746,-111.4972094920929,7772.594999999999,20,7565.4,7992.5,42.70500000000084
Sweeneys,Park City / PCMR,40.6416793962084,-111.50380066992643,7712.4,1625,-3717,15,1625_-3717_15,WG032,40.63316129859746,-111.4972094920929,7772.594999999999,20,7565.4,7992.5,60.19499999999971
TDS Ontario Bypass,Deer Valley,40.62591563844938,-111.49801252893096,7889.0,1625,-3717,15,1625_-3717_15,WG032,40.63316129859746,-111.4972094920929,7772.594999999999,20,7565.4,7992.5,116.40500000000065
The Lookout,Deer Valley,40.62921554675458,-111.4942829189022,7693.2,1625,-3717,15,1625_-3717_15,WG032,40.63316129859746,-111.4972094920929,7772.594999999999,20,7565.4,7992.5,79.39499999999953
Tour De Homes,Deer Valley,40.63205110837411,-111.48826887414292,7813.1,1625,-3717,15,1625_-3717_15,WG032,40.63316129859746,-111.4972094920929,7772.594999999999,20,7565.4,7992.5,40.50500000000102
Upper Loose,Park City / PCMR,40.64060205866311,-111.5081407284332,7678.0,1625,-3717,15,1625_-3717_15,WG032,40.63316129859746,-111.4972094920929,7772.594999999999,20,7565.4,7992.5,94.59499999999935
Upper Loose Moose,Park City / PCMR,40.64060459750891,-111.5062344507794,7788.9,1625,-3717,15,1625_-3717_15,WG032,40.63316129859746,-111.4972094920929,7772.594999999999,20,7565.4,7992.5,16.30500000000029
Woodside Gulch,Deer Valley,40.63428272582461,-111.50200856347875,7635.5,1625,-3717,15,1625_-3717_15,WG032,40.63316129859746,-111.4972094920929,7772.594999999999,20,7565.4,7992.5,137.09499999999935
Johns '99,Park City / PCMR,40.62911828578874,-111.50998374795329,8128.2,1625,-3717,16,1625_-3717_16,WG033,40.63109424472188,-111.4959053166989,8111.05,6,8033.8,8293.6,17.149999999999636
Johns Trail,Park City / PCMR,40.63760825426597,-111.50539626371148,8041.4,1625,-3717,16,1625_-3717_16,WG033,40.63109424472188,-111.4959053166989,8111.05,6,8033.8,8293.6,69.65000000000055
Regulator Trail,Deer Valley,40.62910164594688,-111.48142418804063,8033.8,1625,-3717,16,1625_-3717_16,WG033,40.63109424472188,-111.4959053166989,8111.05,6,8033.8,8293.6,77.25
Secret of My Success Trail,Deer Valley,40.62597453280468,-111.48566192002252,8293.6,1625,-3717,16,1625_-3717_16,WG033,40.63109424472188,-111.4959053166989,8111.05,6,8033.8,8293.6,182.55000000000018
Trestle,Park City / PCMR,40.63650074050743,-111.50791633233914,8071.5,1625,-3717,16,1625_-3717_16,WG033,40.63109424472188,-111.4959053166989,8111.05,6,8033.8,8293.6,39.55000000000018
Upper Devo Trail,Deer Valley,40.62826200901757,-111.4850494481263,8097.8,1625,-3717,16,1625_-3717_16,WG033,40.63109424472188,-111.4959053166989,8111.05,6,8033.8,8293.6,13.25
Jenni's Trail,Park City / PCMR,40.64869166733497,-111.51220769740809,7207.7,1625,-3718,14,1625_-3718_14,WG034,40.64881052825521,-111.51396193116209,7321.65,2,7207.7,7435.6,113.94999999999982
Seldom Seen,Park City / PCMR,40.64892938917546,-111.51571616491609,7435.6,1625,-3718,14,1625_-3718_14,WG034,40.64881052825521,-111.51396193116209,7321.65,2,7207.7,7435.6,113.95000000000073
CMG,Park City / PCMR,40.645848884326966,-111.51679268892973,7606.5,1625,-3718,15,1625_-3718_15,WG035,40.64346516526096,-111.51780426216148,7690.628571428571,7,7598.1,7789.7,84.12857142857138
Gotcha Cuttoff,Park City / PCMR,40.64587964864319,-111.5166123821088,7673.2,1625,-3718,15,1625_-3718_15,WG035,40.64346516526096,-111.51780426216148,7690.628571428571,7,7598.1,7789.7,17.42857142857156
H.A.M.,Park City / PCMR,40.64547382276132,-111.53139851516626,7780.5,1625,-3718,15,1625_-3718_15,WG035,40.64346516526096,-111.51780426216148,7690.628571428571,7,7598.1,7789.7,89.87142857142862
Jenni's Trail upper,Park City / PCMR,40.63937813819639,-111.5112423147728,7789.7,1625,-3718,15,1625_-3718_15,WG035,40.64346516526096,-111.51780426216148,7690.628571428571,7,7598.1,7789.7,99.07142857142844
Payday,Park City / PCMR,40.64053545819342,-111.51124538504462,7598.1,1625,-3718,15,1625_-3718_15,WG035,40.64346516526096,-111.51780426216148,7690.628571428571,7,7598.1,7789.7,92.52857142857101
Red Bull,Park City / PCMR,40.63958635838598,-111.51326842477698,7769.0,1625,-3718,15,1625_-3718_15,WG035,40.64346516526096,-111.51780426216148,7690.628571428571,7,7598.1,7789.7,78.37142857142862
Spiro Trail,Park City / PCMR,40.64755384631944,-111.52407012433112,7617.4,1625,-3718,15,1625_-3718_15,WG035,40.64346516526096,-111.51780426216148,7690.628571428571,7,7598.1,7789.7,73.22857142857174
Claim Jumper,Park City / PCMR,40.63958065995946,-111.52518162563226,8147.6,1625,-3718,16,1625_-3718_16,WG036,40.63482220181402,-111.52269875786169,8332.390000000001,10,8147.6,8474.2,184.79000000000087
Crescent Ridge,Park City / PCMR,40.64328062856461,-111.5205999025961,8289.2,1625,-3718,16,1625_-3718_16,WG036,40.63482220181402,-111.52269875786169,8332.390000000001,10,8147.6,8474.2,43.19000000000051
Flat Iron,Park City / PCMR,40.62696082564811,-111.51719430456902,8393.5,1625,-3718,16,1625_-3718_16,WG036,40.63482220181402,-111.52269875786169,8332.390000000001,10,8147.6,8474.2,61.10999999999876
Mid-Mountain Connect,Park City / PCMR,40.63223012461414,-111.51309555497544,8201.7,1625,-3718,16,1625_-3718_16,WG036,40.63482220181402,-111.52269875786169,8332.390000000001,10,8147.6,8474.2,130.6900000000005
Mid-Mountain Trail,Park City / PCMR,40.64534582424172,-111.53118141177607,8168.3,1625,-3718,16,1625_-3718_16,WG036,40.63482220181402,-111.52269875786169,8332.390000000001,10,8147.6,8474.2,164.09000000000106
Miner's Mile,Park City / PCMR,40.62728968091632,-111.51804021102016,8457.0,1625,-3718,16,1625_-3718_16,WG036,40.63482220181402,-111.52269875786169,8332.390000000001,10,8147.6,8474.2,124.60999999999876
Powerline Trail,Park City / PCMR,40.63015217582808,-111.53743024085954,8362.6,1625,-3718,16,1625_-3718_16,WG036,40.63482220181402,-111.52269875786169,8332.390000000001,10,8147.6,8474.2,30.209999999999127
Rosebud,Park City / PCMR,40.63966083548988,-111.52257618003053,8390.4,1625,-3718,16,1625_-3718_16,WG036,40.63482220181402,-111.52269875786169,8332.390000000001,10,8147.6,8474.2,58.0099999999984
Short Fuse,Park City / PCMR,40.6346970517688,-111.52339576593836,8439.4,1625,-3718,16,1625_-3718_16,WG036,40.63482220181402,-111.52269875786169,8332.390000000001,10,8147.6,8474.2,107.0099999999984
Tommys Two Step,Park City / PCMR,40.629024211109055,-111.51829238121942,8474.2,1625,-3718,16,1625_-3718_16,WG036,40.63482220181402,-111.52269875786169,8332.390000000001,10,8147.6,8474.2,141.8099999999995
Keystone Trail,Park City / PCMR,40.62506440637064,-111.53055382777043,8890.7,1625,-3718,17,1625_-3718_17,WG037,40.630145247916666,-111.52468860288081,8645.783333333333,6,8520.6,8890.7,244.91666666666788
Mojave,Park City / PCMR,40.634971780917176,-111.5211432294971,8540.4,1625,-3718,17,1625_-3718_17,WG037,40.630145247916666,-111.52468860288081,8645.783333333333,6,8520.6,8890.7,105.38333333333321
Silver Queen,Park City / PCMR,40.63391819864852,-111.51755091640152,8558.9,1625,-3718,17,1625_-3718_17,WG037,40.630145247916666,-111.52468860288081,8645.783333333333,6,8520.6,8890.7,86.88333333333321
Steps,Park City / PCMR,40.63116043759045,-111.5173271228493,8520.8,1625,-3718,17,1625_-3718_17,WG037,40.630145247916666,-111.52468860288081,8645.783333333333,6,8520.6,8890.7,124.98333333333358
Thaynes Canyon,Park City / PCMR,40.62644528922062,-111.539067377105,8520.6,1625,-3718,17,1625_-3718_17,WG037,40.630145247916666,-111.52468860288081,8645.783333333333,6,8520.6,8890.7,125.18333333333248
Three Candles,Park City / PCMR,40.62931137475258,-111.52248914366156,8843.3,1625,-3718,17,1625_-3718_17,WG037,40.630145247916666,-111.52468860288081,8645.783333333333,6,8520.6,8890.7,197.51666666666642
Apex,Park City / PCMR,40.62520958876211,-111.53395003281469,9146.4,1625,-3718,18,1625_-3718_18,WG038,40.62520958876211,-111.53395003281469,9146.4,1,9146.4,9146.4,0.0
Pinecone Ridge,Park City / PCMR,40.63337906740186,-111.54644099265712,9084.9,1625,-3719,18,1625_-3719_18,WG039,40.63337906740186,-111.54644099265712,9084.9,1,9084.9,9084.9,0.0
Longview,Jordanelle,40.65785550770212,-111.4151527495857,6299.6,1626,-3714,12,1626_-3714_12,WG040,40.65713842615569,-111.41562559900821,6288.733333333334,3,6267.2,6299.6,10.866666666666788
Sven,Jordanelle,40.66216079919324,-111.41880056586604,6299.4,1626,-3714,12,1626_-3714_12,WG040,40.65713842615569,-111.41562559900821,6288.733333333334,3,6267.2,6299.6,10.66666666666606
Wada Way,Jordanelle,40.65139897157171,-111.41292348157292,6267.2,1626,-3714,12,1626_-3714_12,WG040,40.65713842615569,-111.41562559900821,6288.733333333334,3,6267.2,6299.6,21.533333333333758
North Ross Creek Trail,Jordanelle,40.66585897507511,-111.42082357173696,6405.0,1626,-3715,12,1626_-3715_12,WG041,40.664116323629585,-111.42100453705811,6404.05,2,6403.1,6405.0,0.9499999999998181
Oh Deer Flow,Jordanelle,40.66237367218405,-111.42118550237925,6403.1,1626,-3715,12,1626_-3715_12,WG041,40.664116323629585,-111.42100453705811,6404.05,2,6403.1,6405.0,0.9499999999998181
Big Dipper,Jordanelle,40.66018548005414,-111.43175307695702,6961.2,1626,-3715,13,1626_-3715_13,WG042,40.65947466871637,-111.43052245198787,6771.633333333334,3,6558.6,6961.2,189.5666666666657
Milky Way,Jordanelle,40.65767372971338,-111.43373089841624,6795.1,1626,-3715,13,1626_-3715_13,WG042,40.65947466871637,-111.43052245198787,6771.633333333334,3,6558.6,6961.2,23.466666666666242
Milky Way / Two Rocks,Jordanelle,40.66056479638159,-111.42608338059031,6558.6,1626,-3715,13,1626_-3715_13,WG042,40.65947466871637,-111.43052245198787,6771.633333333334,3,6558.6,6961.2,213.03333333333376
Skyridge Peak Trail / Milky Way,Jordanelle,40.65984634182248,-111.4368345884266,7139.2,1626,-3715,14,1626_-3715_14,WG043,40.65984634182248,-111.4368345884266,7139.2,1,7139.2,7139.2,0.0
Cousin Eddy Trail,Clark Ranch,40.66170094764518,-111.45386933866466,6817.2,1626,-3716,13,1626_-3716_13,WG044,40.66389305957432,-111.45939962414351,6833.714285714285,7,6689.8,6920.8,16.514285714285506
Family Truckster Trail,Clark Ranch,40.66038172048119,-111.452885753204,6847.4,1626,-3716,13,1626_-3716_13,WG044,40.66389305957432,-111.45939962414351,6833.714285714285,7,6689.8,6920.8,13.685714285714312
Lower Sparky Trail,Clark Ranch,40.66761130235187,-111.4559551589961,6689.8,1626,-3716,13,1626_-3716_13,WG044,40.66389305957432,-111.45939962414351,6833.714285714285,7,6689.8,6920.8,143.91428571428514
Lynx #2,Round Valley,40.66734087696376,-111.46694625830712,6898.8,1626,-3716,13,1626_-3716_13,WG044,40.66389305957432,-111.45939962414351,6833.714285714285,7,6689.8,6920.8,65.08571428571486
Skid Row,Park City / PCMR,40.66845831872771,-111.47381352761975,6920.8,1626,-3716,13,1626_-3716_13,WG044,40.66389305957432,-111.45939962414351,6833.714285714285,7,6689.8,6920.8,87.08571428571486
Sparky's Return,Clark Ranch,40.6617858998794,-111.45698342605078,6783.6,1626,-3716,13,1626_-3716_13,WG044,40.66389305957432,-111.45939962414351,6833.714285714285,7,6689.8,6920.8,50.11428571428496
Upper Sparky Trail,Clark Ranch,40.6599723509711,-111.45534390616216,6878.4,1626,-3716,13,1626_-3716_13,WG044,40.66389305957432,-111.45939962414351,6833.714285714285,7,6689.8,6920.8,44.68571428571431
Fox Tail Trail,Round Valley,40.66564803508002,-111.47503092801368,7133.0,1626,-3716,14,1626_-3716_14,WG045,40.65708639962564,-111.47654910263404,7252.25,4,7133.0,7331.1,119.25
Gambel Oak Cut,Round Valley,40.65967079074984,-111.47871602858976,7240.9,1626,-3716,14,1626_-3716_14,WG045,40.65708639962564,-111.47654910263404,7252.25,4,7133.0,7331.1,11.350000000000364
Solamere,Deer Valley,40.65168830951934,-111.47267426337083,7304.0,1626,-3716,14,1626_-3716_14,WG045,40.65708639962564,-111.47654910263404,7252.25,4,7133.0,7331.1,51.75
Solamere Connector,Deer Valley,40.651338463153365,-111.4797751905619,7331.1,1626,-3716,14,1626_-3716_14,WG045,40.65708639962564,-111.47654910263404,7252.25,4,7133.0,7331.1,78.85000000000036
Bonanza Trail,Deer Valley,40.661614248984336,-111.49584605339936,6814.3,1626,-3717,13,1626_-3717_13,WG046,40.66187492867717,-111.49796460025475,6885.5,6,6803.8,6970.8,71.19999999999982
Boot Hill,Park City / PCMR,40.66311538182378,-111.50841776480048,6853.1,1626,-3717,13,1626_-3717_13,WG046,40.66187492867717,-111.49796460025475,6885.5,6,6803.8,6970.8,32.399999999999636
Boot Hill Connect,Park City / PCMR,40.66384832032967,-111.50809692977944,6921.4,1626,-3717,13,1626_-3717_13,WG046,40.66187492867717,-111.49796460025475,6885.5,6,6803.8,6970.8,35.899999999999636
Freemason,Park City / PCMR,40.65768683021079,-111.49819012622744,6949.6,1626,-3717,13,1626_-3717_13,WG046,40.66187492867717,-111.49796460025475,6885.5,6,6803.8,6970.8,64.10000000000036
Hang Time South,Park City / PCMR,40.65853660632904,-111.49606808644194,6970.8,1626,-3717,13,1626_-3717_13,WG046,40.66187492867717,-111.49796460025475,6885.5,6,6803.8,6970.8,85.30000000000018
SOS,Park City / PCMR,40.666448184385416,-111.48116864087982,6803.8,1626,-3717,13,1626_-3717_13,WG046,40.66187492867717,-111.49796460025475,6885.5,6,6803.8,6970.8,81.69999999999982
April Mountain Trail,Deer Valley,40.650711302598815,-111.4870593388075,7472.0,1626,-3717,14,1626_-3717_14,WG047,40.65621958820662,-111.48837624533832,7181.333333333333,6,7044.5,7472.0,290.66666666666697
Euston,Round Valley,40.65772556817424,-111.48315877249176,7062.9,1626,-3717,14,1626_-3717_14,WG047,40.65621958820662,-111.48837624533832,7181.333333333333,6,7044.5,7472.0,118.4333333333334
Gambel Oak North,Park City / PCMR,40.65915752473873,-111.48180315635692,7112.6,1626,-3717,14,1626_-3717_14,WG047,40.65621958820662,-111.48837624533832,7181.333333333333,6,7044.5,7472.0,68.73333333333267
Lost Prospector,Park City / PCMR,40.659849225736586,-111.4888557229514,7044.5,1626,-3717,14,1626_-3717_14,WG047,40.65621958820662,-111.48837624533832,7181.333333333333,6,7044.5,7472.0,136.83333333333303
Lower Masonic,Park City / PCMR,40.65358630670372,-111.49972319928794,7113.0,1626,-3717,14,1626_-3717_14,WG047,40.65621958820662,-111.48837624533832,7181.333333333333,6,7044.5,7472.0,68.33333333333303
Masonic,Park City / PCMR,40.65628760128763,-111.48965728213436,7283.0,1626,-3717,14,1626_-3717_14,WG047,40.65621958820662,-111.48837624533832,7181.333333333333,6,7044.5,7472.0,101.66666666666697
Eagle Way,Park City / PCMR,40.65295946154777,-111.48775315119684,7538.9,1626,-3717,15,1626_-3717_15,WG048,40.65295946154777,-111.48775315119684,7538.9,1,7538.9,7538.9,0.0
Silver Spur,Park City / PCMR,40.65266965116334,-111.5117818738982,6980.8,1626,-3718,13,1626_-3718_13,WG049,40.65266965116334,-111.5117818738982,6980.8,1,6980.8,6980.8,0.0
First Time,Park City / PCMR,40.65050878239233,-111.51048291433958,7041.1,1626,-3718,14,1626_-3718_14,WG050,40.65036146579588,-111.51069487384395,7057.450000000001,2,7041.1,7073.8,16.350000000000364
First Time Return,Park City / PCMR,40.65021414919943,-111.51090683334832,7073.8,1626,-3718,14,1626_-3718_14,WG050,40.65036146579588,-111.51069487384395,7057.450000000001,2,7041.1,7073.8,16.349999999999454
Armstrong,Park City / PCMR,40.65248508262897,-111.52994268919429,7566.3,1626,-3718,15,1626_-3718_15,WG051,40.651420023019774,-111.52500717135881,7578.966666666667,3,7505.7,7664.9,12.66666666666697
Dawns Trail,Park City / PCMR,40.65039115727101,-111.52578815180028,7505.7,1626,-3718,15,1626_-3718_15,WG051,40.651420023019774,-111.52500717135881,7578.966666666667,3,7505.7,7664.9,73.26666666666733
Eagle Trail,Park City / PCMR,40.65138382915936,-111.51929067308184,7664.9,1626,-3718,15,1626_-3718_15,WG051,40.651420023019774,-111.52500717135881,7578.966666666667,3,7505.7,7664.9,85.93333333333248
Colony Mid Mountain Connector,Park City / PCMR,40.65011049975458,-111.53932673410868,8429.2,1626,-3718,16,1626_-3718_16,WG052,40.65011049975458,-111.53932673410868,8429.2,1,8429.2,8429.2,0.0
Gold Finger,Park City / PCMR,40.65997467243904,-111.55431689925648,8081.9,1626,-3719,16,1626_-3719_16,WG053,40.65926335963832,-111.54978679743493,8193.849999999999,2,8081.9,8305.8,111.94999999999891
Iron Man,Park City / PCMR,40.6585520468376,-111.5452566956134,8305.8,1626,-3719,16,1626_-3719_16,WG053,40.65926335963832,-111.54978679743493,8193.849999999999,2,8081.9,8305.8,111.95000000000073
Iron Mountain Trail,Park City / PCMR,40.65649532455427,-111.54475504732362,8753.8,1626,-3719,17,1626_-3719_17,WG054,40.65649532455427,-111.54475504732362,8753.8,1,8753.8,8753.8,0.0
Fairway Hills Trail,Round Valley,40.67853348641883,-111.47699791832557,6747.4,1627,-3716,13,1627_-3716_13,WG055,40.68630759141558,-111.47157098419667,6782.863636363636,11,6677.5,6977.4,35.4636363636364
Fast Pitch Trail,Round Valley,40.6798165110769,-111.47671870073196,6759.1,1627,-3716,13,1627_-3716_13,WG055,40.68630759141558,-111.47157098419667,6782.863636363636,11,6677.5,6977.4,23.76363636363567
Hat Trick Trail,Round Valley,40.678830976721535,-111.47596646172724,6757.0,1627,-3716,13,1627_-3716_13,WG055,40.68630759141558,-111.47157098419667,6782.863636363636,11,6677.5,6977.4,25.863636363636033
High Side,Round Valley,40.69388247977245,-111.4770589235944,6909.3,1627,-3716,13,1627_-3716_13,WG055,40.68630759141558,-111.47157098419667,6782.863636363636,11,6677.5,6977.4,126.43636363636415
Kari's,Round Valley,40.69160040530727,-111.47515847036864,6850.2,1627,-3716,13,1627_-3716_13,WG055,40.68630759141558,-111.47157098419667,6782.863636363636,11,6677.5,6977.4,67.33636363636379
Practice Loops,Round Valley,40.68336469607561,-111.47532267974417,6752.0,1627,-3716,13,1627_-3716_13,WG055,40.68630759141558,-111.47157098419667,6782.863636363636,11,6677.5,6977.4,30.863636363636033
Quinn's Connect,Round Valley,40.68185946906874,-111.4726829059293,6720.8,1627,-3716,13,1627_-3716_13,WG055,40.68630759141558,-111.47157098419667,6782.863636363636,11,6677.5,6977.4,62.06363636363585
RocMon,Round Valley,40.68788668982749,-111.4548390225179,6677.5,1627,-3716,13,1627_-3716_13,WG055,40.68630759141558,-111.47157098419667,6782.863636363636,11,6677.5,6977.4,105.36363636363603
SQ Connector Trail,Round Valley,40.68949659271035,-111.47067515084642,6728.8,1627,-3716,13,1627_-3716_13,WG055,40.68630759141558,-111.47157098419667,6782.863636363636,11,6677.5,6977.4,54.06363636363585
Somewhere Elks,Round Valley,40.68702802029736,-111.47813858810876,6977.4,1627,-3716,13,1627_-3716_13,WG055,40.68630759141558,-111.47157098419667,6782.863636363636,11,6677.5,6977.4,194.5363636363636
South Canyon,Round Valley,40.697084178294816,-111.45372200426904,6732.0,1627,-3716,13,1627_-3716_13,WG055,40.68630759141558,-111.47157098419667,6782.863636363636,11,6677.5,6977.4,50.86363636363603
Rambler DT,Round Valley,40.699080350519786,-111.50674680507665,6485.7,1627,-3717,12,1627_-3717_12,WG056,40.699080350519786,-111.50674680507665,6485.7,1,6485.7,6485.7,0.0
Ashley Avenue,Round Valley,40.68155854272997,-111.50389122653404,6794.6,1627,-3717,13,1627_-3717_13,WG057,40.69125203345058,-111.49243801916333,6866.7875,16,6681.3,6974.3,72.1875
Backslide,Round Valley,40.686236769495366,-111.49111386346571,6972.4,1627,-3717,13,1627_-3717_13,WG057,40.69125203345058,-111.49243801916333,6866.7875,16,6681.3,6974.3,105.61249999999927
Big Easy,Round Valley,40.696128326880846,-111.48285293654745,6776.5,1627,-3717,13,1627_-3717_13,WG057,40.69125203345058,-111.49243801916333,6866.7875,16,6681.3,6974.3,90.28750000000036
Cammy's,Round Valley,40.69072662264133,-111.49673800313964,6953.5,1627,-3717,13,1627_-3717_13,WG057,40.69125203345058,-111.49243801916333,6866.7875,16,6681.3,6974.3,86.71249999999964
Downward Dog,Round Valley,40.68865758594976,-111.48489883261024,6958.5,1627,-3717,13,1627_-3717_13,WG057,40.69125203345058,-111.49243801916333,6866.7875,16,6681.3,6974.3,91.71249999999964
Eagle Cove,Round Valley,40.68665016051084,-111.49786169389527,6799.6,1627,-3717,13,1627_-3717_13,WG057,40.69125203345058,-111.49243801916333,6866.7875,16,6681.3,6974.3,67.1875
La Dee Duh,Round Valley,40.69261799590889,-111.5001632592338,6864.5,1627,-3717,13,1627_-3717_13,WG057,40.69125203345058,-111.49243801916333,6866.7875,16,6681.3,6974.3,2.287500000000364
Matt's Flat,Round Valley,40.68924275786925,-111.49221205396208,6921.6,1627,-3717,13,1627_-3717_13,WG057,40.69125203345058,-111.49243801916333,6866.7875,16,6681.3,6974.3,54.8125
Nick NAC,Round Valley,40.69210865876878,-111.490120990647,6959.3,1627,-3717,13,1627_-3717_13,WG057,40.69125203345058,-111.49243801916333,6866.7875,16,6681.3,6974.3,92.51249999999982
Pulp Friction,Round Valley,40.69884233324062,-111.50344523686547,6681.3,1627,-3717,13,1627_-3717_13,WG057,40.69125203345058,-111.49243801916333,6866.7875,16,6681.3,6974.3,185.48750000000018
Rademan Ridge,Round Valley,40.69522706920315,-111.49835765815162,6895.6,1627,-3717,13,1627_-3717_13,WG057,40.69125203345058,-111.49243801916333,6866.7875,16,6681.3,6974.3,28.8125
Rambler,Round Valley,40.69772226627651,-111.49065578495473,6809.2,1627,-3717,13,1627_-3717_13,WG057,40.69125203345058,-111.49243801916333,6866.7875,16,6681.3,6974.3,57.587500000000546
Round Valley Express,Round Valley,40.69308554123404,-111.4897696424948,6812.1,1627,-3717,13,1627_-3717_13,WG057,40.69125203345058,-111.49243801916333,6866.7875,16,6681.3,6974.3,54.6875
Rusty Shovel,Round Valley,40.69776625143012,-111.4804885556652,6868.8,1627,-3717,13,1627_-3717_13,WG057,40.69125203345058,-111.49243801916333,6866.7875,16,6681.3,6974.3,2.012499999999818
Seventy 101,Round Valley,40.68968411592925,-111.49103639156762,6974.3,1627,-3717,13,1627_-3717_13,WG057,40.69125203345058,-111.49243801916333,6866.7875,16,6681.3,6974.3,107.51249999999982
Sunny Slopes Trail,Round Valley,40.68377753714063,-111.48540217687854,6826.8,1627,-3717,13,1627_-3717_13,WG057,40.69125203345058,-111.49243801916333,6866.7875,16,6681.3,6974.3,39.98750000000018
Barrel Roll,Round Valley,40.69153134198254,-111.48458530535574,7017.0,1627,-3717,14,1627_-3717_14,WG058,40.691914833984534,-111.48428961531694,7039.433333333333,3,7017.0,7064.7,22.433333333333394
Nowhere Elks,Round Valley,40.69018989582584,-111.48311322310164,7036.6,1627,-3717,14,1627_-3717_14,WG058,40.691914833984534,-111.48428961531694,7039.433333333333,3,7017.0,7064.7,2.83333333333303
PorcUclimb,Round Valley,40.69402326414524,-111.48517031749344,7064.7,1627,-3717,14,1627_-3717_14,WG058,40.691914833984534,-111.48428961531694,7039.433333333333,3,7017.0,7064.7,25.266666666666424
Dubois,Jeremy Ranch / Glenwild,40.698630398586985,-111.55581872982933,6878.9,1627,-3719,13,1627_-3719_13,WG059,40.69495253271869,-111.54799136859384,6746.75,2,6614.6,6878.9,132.14999999999964
Miss Billy's,Jeremy Ranch / Glenwild,40.69127466685039,-111.54016400735836,6614.6,1627,-3719,13,1627_-3719_13,WG059,40.69495253271869,-111.54799136859384,6746.75,2,6614.6,6878.9,132.14999999999964
Colin's Trail,Jeremy Ranch / Glenwild,40.69629937433107,-111.55671582168428,7029.9,1627,-3719,14,1627_-3719_14,WG060,40.69412745768264,-111.56133434882474,7178.4,2,7029.9,7326.9,148.5
Rosebud's Heaven,Park City / PCMR,40.69195554103422,-111.5659528759652,7326.9,1627,-3719,14,1627_-3719_14,WG060,40.69412745768264,-111.56133434882474,7178.4,2,7029.9,7326.9,148.5
Canyons Downhill,Pinebrook,40.68430916809496,-111.56849091879047,7666.2,1627,-3719,15,1627_-3719_15,WG061,40.68430916809496,-111.56849091879047,7666.2,1,7666.2,7666.2,0.0
Richochet,Park City / PCMR,40.68638148266805,-111.57139393545772,7468.3,1627,-3720,14,1627_-3720_14,WG062,40.68638148266805,-111.57139393545772,7468.3,1,7468.3,7468.3,0.0
Ambush,Jeremy Ranch / Glenwild,40.694225906082366,-111.58181443950004,7757.7,1627,-3720,15,1627_-3720_15,WG063,40.69085463847745,-111.5779563957554,7759.775,4,7584.0,7873.2,2.074999999999818
Holly's,Pinebrook,40.68604417524608,-111.57782170773478,7824.2,1627,-3720,15,1627_-3720_15,WG063,40.69085463847745,-111.5779563957554,7759.775,4,7584.0,7873.2,64.42500000000018
Insurgent,Jeremy Ranch / Glenwild,40.68610182305705,-111.58195303109213,7873.2,1627,-3720,15,1627_-3720_15,WG063,40.69085463847745,-111.5779563957554,7759.775,4,7584.0,7873.2,113.42500000000018
Rob's Trail,Pinebrook,40.69704664952428,-111.5702364046946,7584.0,1627,-3720,15,1627_-3720_15,WG063,40.69085463847745,-111.5779563957554,7759.775,4,7584.0,7873.2,175.77499999999964
Olympic,Pinebrook,40.69996684096533,-111.57868853500152,8004.0,1627,-3720,16,1627_-3720_16,WG064,40.69011273159471,-111.5787622614175,8042.75,2,8004.0,8081.5,38.75
Short Cut,Jeremy Ranch / Glenwild,40.68025862222409,-111.57883598783349,8081.5,1627,-3720,16,1627_-3720_16,WG064,40.69011273159471,-111.5787622614175,8042.75,2,8004.0,8081.5,38.75
Rusty Spur,Round Valley,40.70159189598121,-111.4765958017646,6731.2,1628,-3716,13,1628_-3716_13,WG065,40.70159189598121,-111.4765958017646,6731.2,1,6731.2,6731.2,0.0
Mountain Ranch,Jeremy Ranch / Glenwild,40.719482563829935,-111.5082007499112,6453.3,1628,-3717,12,1628_-3717_12,WG066,40.71906208106929,-111.50578512280765,6466.700000000001,2,6453.3,6480.1,13.400000000000546
Trailside,Round Valley,40.71864159830864,-111.50336949570412,6480.1,1628,-3717,12,1628_-3717_12,WG066,40.71906208106929,-111.50578512280765,6466.700000000001,2,6453.3,6480.1,13.399999999999636
Amenti,Round Valley,40.71749758221375,-111.50096260266577,6526.6,1628,-3717,13,1628_-3717_13,WG067,40.71039201692789,-111.49927923287808,6632.442307692308,26,6504.2,6781.5,105.84230769230726
Bamm Bamm,Round Valley,40.71001316656963,-111.50256230173504,6667.3,1628,-3717,13,1628_-3717_13,WG067,40.71039201692789,-111.49927923287808,6632.442307692308,26,6504.2,6781.5,34.85769230769256
Bourbon Street,Round Valley,40.70798253656,-111.48164466049944,6673.3,1628,-3717,13,1628_-3717_13,WG067,40.71039201692789,-111.49927923287808,6632.442307692308,26,6504.2,6781.5,40.85769230769256
Bronto Jam,Round Valley,40.71004954775594,-111.501977414722,6672.8,1628,-3717,13,1628_-3717_13,WG067,40.71039201692789,-111.49927923287808,6632.442307692308,26,6504.2,6781.5,40.35769230769256
Equestrian,Round Valley,40.70215181343843,-111.50219785223597,6719.1,1628,-3717,13,1628_-3717_13,WG067,40.71039201692789,-111.49927923287808,6632.442307692308,26,6504.2,6781.5,86.65769230769274
Field Stone,Round Valley,40.71706243943152,-111.49059329339536,6526.3,1628,-3717,13,1628_-3717_13,WG067,40.71039201692789,-111.49927923287808,6632.442307692308,26,6504.2,6781.5,106.14230769230744
Happy Gilmor,Round Valley,40.70712360033319,-111.5014684546231,6569.0,1628,-3717,13,1628_-3717_13,WG067,40.71039201692789,-111.49927923287808,6632.442307692308,26,6504.2,6781.5,63.44230769230762
Happy Trailside,Round Valley,40.708413441306845,-111.50471867526606,6595.6,1628,-3717,13,1628_-3717_13,WG067,40.71039201692789,-111.49927923287808,6632.442307692308,26,6504.2,6781.5,36.84230769230726
Mountain Ranch Estates,Round Valley,40.7173985998433,-111.50812726137713,6520.0,1628,-3717,13,1628_-3717_13,WG067,40.71039201692789,-111.49927923287808,6632.442307692308,26,6504.2,6781.5,112.44230769230762
Mountain Willow,Round Valley,40.71402930681007,-111.48565937361776,6571.7,1628,-3717,13,1628_-3717_13,WG067,40.71039201692789,-111.49927923287808,6632.442307692308,26,6504.2,6781.5,60.742307692307804
Mr Muchrocks,Round Valley,40.70904482572548,-111.50323360919846,6653.2,1628,-3717,13,1628_-3717_13,WG067,40.71039201692789,-111.49927923287808,6632.442307692308,26,6504.2,6781.5,20.757692307692196
Ramble On,Round Valley,40.70159467934347,-111.48028465593316,6781.5,1628,-3717,13,1628_-3717_13,WG067,40.71039201692789,-111.49927923287808,6632.442307692308,26,6504.2,6781.5,149.05769230769238
Round Valley Connect,Round Valley,40.70875221615484,-111.50427592382064,6606.7,1628,-3717,13,1628_-3717_13,WG067,40.71039201692789,-111.49927923287808,6632.442307692308,26,6504.2,6781.5,25.742307692307804
Round Valley Connector,Round Valley,40.709506874143365,-111.48774034228174,6611.3,1628,-3717,13,1628_-3717_13,WG067,40.71039201692789,-111.49927923287808,6632.442307692308,26,6504.2,6781.5,21.14230769230744
Saved By The Bell,Round Valley,40.71689792497153,-111.49958806368429,6568.5,1628,-3717,13,1628_-3717_13,WG067,40.71039201692789,-111.49927923287808,6632.442307692308,26,6504.2,6781.5,63.94230769230762
Sloppy Joe,Round Valley,40.71599935057343,-111.49742827056478,6658.4,1628,-3717,13,1628_-3717_13,WG067,40.71039201692789,-111.49927923287808,6632.442307692308,26,6504.2,6781.5,25.957692307692014
TSP Skils Area,Round Valley,40.70929244417837,-111.50545423904256,6671.9,1628,-3717,13,1628_-3717_13,WG067,40.71039201692789,-111.49927923287808,6632.442307692308,26,6504.2,6781.5,39.457692307692014
Tar Pits Jump Line,Round Valley,40.70948336187246,-111.50501444482678,6663.3,1628,-3717,13,1628_-3717_13,WG067,40.71039201692789,-111.49927923287808,6632.442307692308,26,6504.2,6781.5,30.85769230769256
The Great Gazoo,Round Valley,40.70997890100696,-111.50140660314835,6662.9,1628,-3717,13,1628_-3717_13,WG067,40.71039201692789,-111.49927923287808,6632.442307692308,26,6504.2,6781.5,30.457692307692014
Tim Man,Round Valley,40.70348842863846,-111.50080894755244,6766.9,1628,-3717,13,1628_-3717_13,WG067,40.71039201692789,-111.49927923287808,6632.442307692308,26,6504.2,6781.5,134.457692307692
Trailside Connector,Round Valley,40.71611276967259,-111.5017965665912,6504.2,1628,-3717,13,1628_-3717_13,WG067,40.71039201692789,-111.49927923287808,6632.442307692308,26,6504.2,6781.5,128.2423076923078
Trailside Loop,Round Valley,40.71199117049012,-111.50483999800892,6609.7,1628,-3717,13,1628_-3717_13,WG067,40.71039201692789,-111.49927923287808,6632.442307692308,26,6504.2,6781.5,22.742307692307804
Truckhole,Round Valley,40.704351116822174,-111.50022157042804,6773.9,1628,-3717,13,1628_-3717_13,WG067,40.71039201692789,-111.49927923287808,6632.442307692308,26,6504.2,6781.5,141.457692307692
Unga Bunga Skills and Pump Tradk,Round Valley,40.71158064400824,-111.50217787755837,6590.1,1628,-3717,13,1628_-3717_13,WG067,40.71039201692789,-111.49927923287808,6632.442307692308,26,6504.2,6781.5,42.34230769230726
Up Track,Round Valley,40.71007968280768,-111.50314659118624,6643.1,1628,-3717,13,1628_-3717_13,WG067,40.71039201692789,-111.49927923287808,6632.442307692308,26,6504.2,6781.5,10.657692307692741
Yabba Dabba Doo,Round Valley,40.71031601545331,-111.5039304608668,6636.2,1628,-3717,13,1628_-3717_13,WG067,40.71039201692789,-111.49927923287808,6632.442307692308,26,6504.2,6781.5,3.7576923076921958
Abilene Way,Jeremy Ranch / Glenwild,40.705162592888,-111.52848253655898,6454.0,1628,-3718,12,1628_-3718_12,WG068,40.705427430210094,-111.52628700792265,6444.366666666666,3,6437.7,6454.0,9.633333333334122
Cutter Lane,Jeremy Ranch / Glenwild,40.7083260127391,-111.53140227257067,6437.7,1628,-3718,12,1628_-3718_12,WG068,40.705427430210094,-111.52628700792265,6444.366666666666,3,6437.7,6454.0,6.66666666666606
North 400 West,Jeremy Ranch / Glenwild,40.70279368500318,-111.51897621463831,6441.4,1628,-3718,12,1628_-3718_12,WG068,40.705427430210094,-111.52628700792265,6444.366666666666,3,6437.7,6454.0,2.9666666666662422
Winchester Trail,Jeremy Ranch / Glenwild,40.71094932830698,-111.54449441430567,6453.0,1628,-3719,12,1628_-3719_12,WG069,40.71094932830698,-111.54449441430567,6453.0,1,6453.0,6453.0,0.0
BLT,Jeremy Ranch / Glenwild,40.71492142685356,-111.56084442077211,6927.9,1628,-3719,13,1628_-3719_13,WG070,40.71705543669817,-111.55769067162726,6722.32,5,6598.1,6927.9,205.57999999999993
BYOB,Pinebrook,40.718283985000745,-111.55661288864135,6639.8,1628,-3719,13,1628_-3719_13,WG070,40.71705543669817,-111.55769067162726,6722.32,5,6598.1,6927.9,82.51999999999953
OMH,Pinebrook,40.71997692753587,-111.55773747935044,6677.5,1628,-3719,13,1628_-3719_13,WG070,40.71705543669817,-111.55769067162726,6722.32,5,6598.1,6927.9,44.81999999999971
RTS,Jeremy Ranch / Glenwild,40.71664642216084,-111.55523569599896,6598.1,1628,-3719,13,1628_-3719_13,WG070,40.71705543669817,-111.55769067162726,6722.32,5,6598.1,6927.9,124.21999999999935
RTS / BLT,Jeremy Ranch / Glenwild,40.71544842193981,-111.5580228733734,6768.3,1628,-3719,13,1628_-3719_13,WG070,40.71705543669817,-111.55769067162726,6722.32,5,6598.1,6927.9,45.98000000000047
Iron Bill,Jeremy Ranch / Glenwild,40.70817834974828,-111.55726593666238,7034.2,1628,-3719,14,1628_-3719_14,WG071,40.706703224328294,-111.56087753113472,7328.360000000001,5,7034.2,7487.6,294.16000000000076
Legacy Loop,Jeremy Ranch / Glenwild,40.705995804360256,-111.55961886682412,7342.6,1628,-3719,14,1628_-3719_14,WG071,40.706703224328294,-111.56087753113472,7328.360000000001,5,7034.2,7487.6,14.239999999999782
Legacy Ridge,Jeremy Ranch / Glenwild,40.70648419743829,-111.5603960205038,7414.3,1628,-3719,14,1628_-3719_14,WG071,40.706703224328294,-111.56087753113472,7328.360000000001,5,7034.2,7487.6,85.9399999999996
Legacy. Loop,Jeremy Ranch / Glenwild,40.70737188748682,-111.5599210439625,7363.1,1628,-3719,14,1628_-3719_14,WG071,40.706703224328294,-111.56087753113472,7328.360000000001,5,7034.2,7487.6,34.73999999999978
Moose Puddle,Pinebrook,40.70548588260783,-111.56718578772085,7487.6,1628,-3719,14,1628_-3719_14,WG071,40.706703224328294,-111.56087753113472,7328.360000000001,5,7034.2,7487.6,159.23999999999978
Pinebrook Southeast Perimeter / Hunter's Trail of the Mid Mountain,Pinebrook,40.71419878562093,-111.5896757552273,7875.5,1628,-3720,15,1628_-3720_15,WG072,40.71165411284936,-111.58025636268573,7707.4,2,7539.3,7875.5,168.10000000000036
Yeti's,Pinebrook,40.70910944007779,-111.57083697014414,7539.3,1628,-3720,15,1628_-3720_15,WG072,40.71165411284936,-111.58025636268573,7707.4,2,7539.3,7875.5,168.09999999999945
Silver Gate,Round Valley,40.72728013881357,-111.46748664430804,6513.4,1629,-3716,13,1629_-3716_13,WG073,40.72728013881357,-111.46748664430804,6513.4,1,6513.4,6513.4,0.0
Ancient Forest Loop,Round Valley,40.7314260153664,-111.49224006112888,6485.8,1629,-3717,12,1629_-3717_12,WG074,40.73706115382266,-111.49551028769847,6476.825,4,6451.3,6494.3,8.975000000000364
Glenwild Loop / Wasatch,Jeremy Ranch / Glenwild,40.74589846722535,-111.509614206256,6451.3,1629,-3717,12,1629_-3717_12,WG074,40.73706115382266,-111.49551028769847,6476.825,4,6451.3,6494.3,25.524999999999636
Silver Creek Trail,Round Valley,40.728195917662575,-111.48449884114967,6494.3,1629,-3717,12,1629_-3717_12,WG074,40.73706115382266,-111.49551028769847,6476.825,4,6451.3,6494.3,17.475000000000364
Wasatch,Round Valley,40.742724215036304,-111.49568804225927,6475.9,1629,-3717,12,1629_-3717_12,WG074,40.73706115382266,-111.49551028769847,6476.825,4,6451.3,6494.3,0.9250000000001819
Blackhawk Trail,Jeremy Ranch / Glenwild,40.73111252615939,-111.53542276920604,6536.5,1629,-3718,13,1629_-3718_13,WG075,40.73550340302089,-111.53177853638917,6619.05,2,6536.5,6701.6,82.55000000000018
Glenwild Loop,Jeremy Ranch / Glenwild,40.73989427988239,-111.52813430357229,6701.6,1629,-3718,13,1629_-3718_13,WG075,40.73550340302089,-111.53177853638917,6619.05,2,6536.5,6701.6,82.55000000000018
Bad Apple,Jeremy Ranch / Glenwild,40.74937514368386,-111.56017979748744,6367.9,1629,-3719,12,1629_-3719_12,WG076,40.74069212010417,-111.56063194889737,6390.15,4,6361.5,6429.9,22.25
Ecker Hill Trail,Pinebrook,40.740364526144575,-111.5667817840803,6401.3,1629,-3719,12,1629_-3719_12,WG076,40.74069212010417,-111.56063194889737,6390.15,4,6361.5,6429.9,11.150000000000546
High Meadows Connector,Pinebrook,40.74134938710701,-111.56847869190176,6429.9,1629,-3719,12,1629_-3719_12,WG076,40.74069212010417,-111.56063194889737,6390.15,4,6361.5,6429.9,39.75
Stealth Connector / Pheasant Way,Jeremy Ranch / Glenwild,40.73167942348123,-111.54708752211994,6361.5,1629,-3719,12,1629_-3719_12,WG076,40.74069212010417,-111.56063194889737,6390.15,4,6361.5,6429.9,28.649999999999636
Ant Farm,Jeremy Ranch / Glenwild,40.74632495230274,-111.55092174051572,6629.0,1629,-3719,13,1629_-3719_13,WG077,40.74492977315013,-111.55110213045782,6592.74,5,6560.0,6629.0,36.26000000000022
Crazy Eights,Jeremy Ranch / Glenwild,40.74908550583131,-111.55291850861556,6580.7,1629,-3719,13,1629_-3719_13,WG077,40.74492977315013,-111.55110213045782,6592.74,5,6560.0,6629.0,12.039999999999964
Dropout,Jeremy Ranch / Glenwild,40.74673233142679,-111.55449028155309,6576.0,1629,-3719,13,1629_-3719_13,WG077,40.74492977315013,-111.55110213045782,6592.74,5,6560.0,6629.0,16.73999999999978
Stealth Trail,Jeremy Ranch / Glenwild,40.73631275924013,-111.5447596003018,6560.0,1629,-3719,13,1629_-3719_13,WG077,40.74492977315013,-111.55110213045782,6592.74,5,6560.0,6629.0,32.73999999999978
Team Cutthroat Downhill,Jeremy Ranch / Glenwild,40.74619331694971,-111.55242052130288,6618.0,1629,-3719,13,1629_-3719_13,WG077,40.74492977315013,-111.55110213045782,6592.74,5,6560.0,6629.0,25.26000000000022
A Toll New World,Summit Park,40.74525880222984,-111.59660432287036,6843.1,1629,-3720,13,1629_-3720_13,WG078,40.74423832662315,-111.5834554993276,6756.42,10,6548.4,6961.5,86.68000000000029
Dead Reckoning,Summit Park,40.74804102527887,-111.5901705440554,6808.0,1629,-3720,13,1629_-3720_13,WG078,40.74423832662315,-111.5834554993276,6756.42,10,6548.4,6961.5,51.57999999999993
Discovery,Summit Park,40.74903521550762,-111.59463162387972,6614.4,1629,-3720,13,1629_-3720_13,WG078,40.74423832662315,-111.5834554993276,6756.42,10,6548.4,6961.5,142.02000000000044
Pale Green Dot,Summit Park,40.74689592786439,-111.59182437672968,6802.1,1629,-3720,13,1629_-3720_13,WG078,40.74423832662315,-111.5834554993276,6756.42,10,6548.4,6961.5,45.68000000000029
Pinebrook Pointe South,Pinebrook,40.74959135152933,-111.5795998040212,6632.5,1629,-3720,13,1629_-3720_13,WG078,40.74423832662315,-111.5834554993276,6756.42,10,6548.4,6961.5,123.92000000000007
Pinebrook Southeast Perimeter Trail,Pinebrook,40.73058687532795,-111.57244227312069,6947.5,1629,-3720,13,1629_-3720_13,WG078,40.74423832662315,-111.5834554993276,6756.42,10,6548.4,6961.5,191.07999999999993
Powerline,Pinebrook,40.74237998272819,-111.5716363238219,6548.4,1629,-3720,13,1629_-3720_13,WG078,40.74423832662315,-111.5834554993276,6756.42,10,6548.4,6961.5,208.02000000000044
Powerline Connector,Pinebrook,40.74298978990414,-111.5728828415412,6585.6,1629,-3720,13,1629_-3720_13,WG078,40.74423832662315,-111.5834554993276,6756.42,10,6548.4,6961.5,170.8199999999997
Tall Oaks Circle,Pinebrook,40.73938310561022,-111.57541687830556,6961.5,1629,-3720,13,1629_-3720_13,WG078,40.74423832662315,-111.5834554993276,6756.42,10,6548.4,6961.5,205.07999999999993
The Up Trail,Summit Park,40.74822119025095,-111.58934600493023,6821.1,1629,-3720,13,1629_-3720_13,WG078,40.74423832662315,-111.5834554993276,6756.42,10,6548.4,6961.5,64.68000000000029
Pinebrook Southeast Perimeter / Pinebrook SE Perimeter,Pinebrook,40.72863077219642,-111.58102679054537,7392.0,1629,-3720,14,1629_-3720_14,WG079,40.72863077219642,-111.58102679054537,7392.0,1,7392.0,7392.0,0.0
Spare Change,Summit Park,40.74164553017363,-111.60031464541484,6827.9,1629,-3721,13,1629_-3721_13,WG080,40.74164553017363,-111.60031464541484,6827.9,1,6827.9,6827.9,0.0
No Worries,Summit Park,40.73716048778493,-111.60234213265907,7289.1,1629,-3721,14,1629_-3721_14,WG081,40.73716048778493,-111.60234213265907,7289.1,1,7289.1,7289.1,0.0
Road to WOS,Summit Park,40.73344363030311,-111.61407104321202,7712.2,1629,-3721,15,1629_-3721_15,WG082,40.73588872246128,-111.61820195845797,7690.099999999999,3,7652.8,7712.2,22.100000000000364
Short Ribs,Summit Park,40.7348537895427,-111.62048055745409,7705.3,1629,-3721,15,1629_-3721_15,WG082,40.73588872246128,-111.61820195845797,7690.099999999999,3,7652.8,7712.2,15.200000000000728
Short Stack,Summit Park,40.73936874753804,-111.6200542747078,7652.8,1629,-3721,15,1629_-3721_15,WG082,40.73588872246128,-111.61820195845797,7690.099999999999,3,7652.8,7712.2,37.29999999999927
Princess Di's,Clark Ranch,40.751465442037045,-111.43628535405452,6858.8,1630,-3715,13,1630_-3715_13,WG083,40.751465442037045,-111.43628535405452,6858.8,1,6858.8,6858.8,0.0
Cobblestone Loop,Jeremy Ranch / Glenwild,40.75845647840704,-111.52582619388934,6805.4,1630,-3718,13,1630_-3718_13,WG084,40.75679144669109,-111.52663519067355,6764.6,2,6723.8,6805.4,40.79999999999927
Cobblestone Trail,Jeremy Ranch / Glenwild,40.75512641497514,-111.52744418745776,6723.8,1630,-3718,13,1630_-3718_13,WG084,40.75679144669109,-111.52663519067355,6764.6,2,6723.8,6805.4,40.80000000000018
Jailbreak,Jeremy Ranch / Glenwild,40.75712939272894,-111.56214780445411,6277.4,1630,-3719,12,1630_-3719_12,WG085,40.75528628912842,-111.5622626162089,6310.25,2,6277.4,6343.1,32.850000000000364
The Graduate,Jeremy Ranch / Glenwild,40.7534431855279,-111.56237742796368,6343.1,1630,-3719,12,1630_-3719_12,WG085,40.75528628912842,-111.5622626162089,6310.25,2,6277.4,6343.1,32.850000000000364
24-7,Jeremy Ranch / Glenwild,40.7580938928905,-111.55747502780672,6689.5,1630,-3719,13,1630_-3719_13,WG086,40.75467337144941,-111.55644341976684,6637.85,2,6586.2,6689.5,51.649999999999636
Fink Again,Jeremy Ranch / Glenwild,40.75125285000831,-111.55541181172696,6586.2,1630,-3719,13,1630_-3719_13,WG086,40.75467337144941,-111.55644341976684,6637.85,2,6586.2,6689.5,51.650000000000546
Flying Dog,Jeremy Ranch / Glenwild,40.77237660098178,-111.54161762597796,7321.2,1630,-3719,14,1630_-3719_14,WG087,40.767839038301695,-111.54373482909419,7275.6,2,7230.0,7321.2,45.599999999999454
Preserve Connector,Jeremy Ranch / Glenwild,40.76330147562161,-111.54585203221042,7230.0,1630,-3719,14,1630_-3719_14,WG087,40.767839038301695,-111.54373482909419,7275.6,2,7230.0,7321.2,45.600000000000364
Moose Hollow,Summit Park,40.76397899834495,-111.58866445905328,6467.6,1630,-3720,12,1630_-3720_12,WG088,40.76397899834495,-111.58866445905328,6467.6,1,6467.6,6467.6,0.0
Gorgoza Park,Pinebrook,40.75144469967726,-111.581432624726,6619.5,1630,-3720,13,1630_-3720_13,WG089,40.75386833936985,-111.59056497219808,6671.460000000001,5,6619.5,6719.0,51.960000000000946
Hidden Cove,Summit Park,40.756655895607175,-111.597334386164,6686.2,1630,-3720,13,1630_-3720_13,WG089,40.75386833936985,-111.59056497219808,6671.460000000001,5,6619.5,6719.0,14.739999999998872
Little Engine Trail,Summit Park,40.756690732809,-111.59562244098744,6709.3,1630,-3720,13,1630_-3720_13,WG089,40.75386833936985,-111.59056497219808,6671.460000000001,5,6619.5,6719.0,37.839999999999236
Parley's Lane,Summit Park,40.75375624958085,-111.59849347383722,6719.0,1630,-3720,13,1630_-3720_13,WG089,40.75386833936985,-111.59056497219808,6671.460000000001,5,6619.5,6719.0,47.539999999999054
Pinebrook Point,Pinebrook,40.75079411917499,-111.57994193527573,6623.3,1630,-3720,13,1630_-3720_13,WG089,40.75386833936985,-111.59056497219808,6671.460000000001,5,6619.5,6719.0,48.160000000000764
The Avenues,Summit Park,40.75998198374273,-111.6028265058925,7081.5,1630,-3721,14,1630_-3721_14,WG090,40.75970204254986,-111.60640221063798,7253.25,2,7081.5,7425.0,171.75
The Upper Avenues,Summit Park,40.75942210135698,-111.60997791538348,7425.0,1630,-3721,14,1630_-3721_14,WG090,40.75970204254986,-111.60640221063798,7253.25,2,7081.5,7425.0,171.75
Great Western Trail / Great Western Trail bypass,Wasatch Crest / Millcreek,40.7535574542296,-111.6313027356856,7111.8,1630,-3722,14,1630_-3722_14,WG091,40.7535574542296,-111.6313027356856,7111.8,1,7111.8,7111.8,0.0
Great Western Trail,Wasatch Crest / Millcreek,40.77286580912175,-111.6406537725031,7571.3,1630,-3722,15,1630_-3722_15,WG092,40.77286580912175,-111.6406537725031,7571.3,1,7571.3,7571.3,0.0
Alexander Creek Trail,Summit Park,40.75856130522611,-111.67962308025976,5873.5,1630,-3723,11,1630_-3723_11,WG093,40.75856130522611,-111.67962308025976,5873.5,1,5873.5,5873.5,0.0
The Sheep Trail,Summit Park,40.75746633469589,-111.667341513995,6217.2,1630,-3723,12,1630_-3723_12,WG094,40.75746633469589,-111.667341513995,6217.2,1,6217.2,6217.2,0.0
