trail_name,segment_count,total_length_meters,total_length_miles
Mid-Mountain Trail,40,11888.9,7.39
9K Trail,10,7659.5,4.76
Mother Urban,14,7212.8,4.48
Rambler,18,6853.9,4.26
CMG,11,6316.2,3.92
Lost Prospector,17,5852.3,3.64
Big Easy,13,5370.8,3.34
Deer Valley Service,32,5029.8,3.13
Jenni's Trail upper,11,5014.0,3.12
Spiro Trail,9,4967.3,3.09
Ripple Trail,22,4871.6,3.03
Armstrong,2,4810.4,2.99
Flagstaff Loop,20,4600.2,2.86
Tidal Wave,13,4299.6,2.67
Cyn City,3,4211.6,2.62
Keystone Trail,8,4190.2,2.6
Round Valley Express,22,4029.4,2.5
Solamere,11,3768.7,2.34
Empire Link,9,3544.9,2.2
Apex,6,3541.2,2.2
Thaynes Road,17,3532.8,2.2
Holy Roller,11,3509.2,2.18
Naildriver,13,3346.0,2.08
McConkeys,12,3331.2,2.07
Regulator Trail,8,3267.9,2.03
Deer Crest,11,3203.4,1.99
Gap Loop,7,3093.9,1.92
Seldom Seen,7,3062.6,1.9
Johns Trail,6,2970.2,1.85
Rossi Hill Trail,10,2871.0,1.78
The Lookout,3,2764.5,1.72
Pipeline,5,2684.8,1.67
Snowtop,2,2678.9,1.66
Boulder,3,2672.4,1.66
Payday,7,2668.0,1.66
Lynx #2,3,2535.7,1.58
Downward Dog,3,2535.5,1.58
Drift Road,14,2535.4,1.58
Tommys Two Step,5,2482.5,1.54
Freemason,4,2475.1,1.54
Gotcha Cuttoff,7,2383.7,1.48
Undertow Trail,8,2334.7,1.45
Claim Jumper,11,2318.7,1.44
Jenni's Trail,7,2261.1,1.41
Pulp Friction,2,2225.8,1.38
TDS Ontario Bypass,14,2208.4,1.37
Ontario Canyon,12,2198.7,1.37
Tour De Homes,2,2190.2,1.36
Rademan Ridge,10,2151.3,1.34
Fast Pitch Trail,7,2129.3,1.32
Hat Trick Trail,5,2108.2,1.31
Corvair,5,2100.1,1.3
Team Big Bear,3,2096.0,1.3
Nowhere Elks,10,2053.2,1.28
Masonic,3,2046.5,1.27
Evil Empire,5,2024.6,1.26
Ontario Ridge Road,8,2023.7,1.26
Trestle,11,2021.9,1.26
Jupiter Access,9,2007.1,1.25
Skid Row,3,1977.4,1.23
Red Bull,5,1947.7,1.21
Valderoad,8,1917.2,1.19
King Road,4,1911.1,1.19
T&G,7,1885.9,1.17
Johns '99,3,1844.8,1.15
Lower Devo Trail,5,1804.4,1.12
Solamere Connector,1,1687.4,1.05
Twist and Shout,4,1686.5,1.05
Crescent Ridge,7,1679.1,1.04
Gambel Oak Trail,4,1658.2,1.03
Steps,5,1653.1,1.03
Backslide,4,1639.5,1.02
Sweeney Switchbacks,3,1631.0,1.01
Matt's Flat,13,1597.7,0.99
Sam's Trail,5,1547.3,0.96
Road to Ruby,6,1546.3,0.96
Silver Queen,1,1541.9,0.96
Somewhere Elks,1,1536.2,0.95
Flat Cable,10,1535.3,0.95
La Dee Duh,4,1530.0,0.95
Fat Lip,4,1529.0,0.95
Mojave,4,1528.8,0.95
Eagle Way,1,1475.6,0.92
Moosebones,5,1457.8,0.91
T&G 2,3,1416.6,0.88
Dawns Trail,1,1398.7,0.87
Shadow Lake,3,1342.0,0.83
Loose Moose,2,1340.3,0.83
Meadow Road,10,1334.2,0.83
Kari's,2,1326.4,0.82
PorcUclimb,3,1290.9,0.8
H.A.M.,3,1279.9,0.8
Fox Tail Trail,4,1271.9,0.79
Speedbag,3,1271.5,0.79
Daly Avenue,3,1265.5,0.79
Black Forest,2,1257.1,0.78
Woodside Gulch,5,1256.5,0.78
Tsunami,2,1224.3,0.76
Little Chief,3,1200.4,0.75
Tour De Suds (Upper),2,1197.4,0.74
Three Candles,1,1184.8,0.74
Gravel Road,5,1184.0,0.74
Corvair (Upper),3,1155.7,0.72
Wasatch Crest Connect,3,1145.6,0.71
Deer Camp,5,1137.2,0.71
First Time Return,7,1112.4,0.69
Grave Digger,3,1109.6,0.69
Seventy 101,7,1108.3,0.69
Old Homeward Bound,3,1103.3,0.69
NCS,6,1095.2,0.68
Link,5,1075.9,0.67
Old Skool,4,1065.6,0.66
Silver Spur,8,1064.3,0.66
South Sweeney,5,1064.1,0.66
Powerline Trail,2,1034.1,0.64
Payroll,2,1033.5,0.64
Lower Masonic,2,1019.1,0.63
Johns 99,1,999.7,0.62
April Mountain Trail,4,984.0,0.61
Daly Canyon,6,970.1,0.6
Flat Iron,3,964.4,0.6
Prospect,3,946.3,0.59
Trump,9,930.8,0.58
Practice Loops,4,905.9,0.56
Thaynes Canyon,2,903.4,0.56
Gambel Oak North,3,893.6,0.56
High Side,1,893.0,0.55
Lost Prospector Access,2,887.2,0.55
PCMR Road,4,886.8,0.55
First Time,9,884.6,0.55
Stiff Upper Lip,3,881.7,0.55
Village Trail / Pipeline,1,838.7,0.52
Eagle Trail,3,832.9,0.52
Quinn's Connect,4,794.9,0.49
Trappers Gate,3,785.3,0.49
Secret of My Success Trail,4,722.0,0.45
Sweeney Switchbacks Access,4,716.4,0.45
Silverlake Access Road,6,707.1,0.44
Tim Man,1,688.5,0.43
Trump / Boulder,1,671.1,0.42
Deer Camp Road,4,667.2,0.41
Old NCS Access,8,665.6,0.41
4:20,2,663.6,0.41
Bonanza Trail,2,659.4,0.41
Rosebud,3,651.2,0.4
Webster Road,3,645.5,0.4
Full Steam Billy,2,644.1,0.4
Empire Lodge,5,642.1,0.4
Powerline Service Road,3,627.1,0.39
Ashley Avenue,1,624.2,0.39
Pioneer Ridge,4,617.0,0.38
Super G,2,616.7,0.38
Gap Bypass Trail,5,613.6,0.38
Barrel Roll,2,590.6,0.37
Euston,2,579.8,0.36
Steps Access,5,577.2,0.36
Sunset,3,571.8,0.36
Miner's Mile,5,569.8,0.35
Cammy's,5,565.3,0.35
St. Regis Trail,4,557.9,0.35
Daly Bypass,2,544.4,0.34
Little Stick,3,541.8,0.34
Crescent Road / Crescent Ridge Road,1,540.0,0.34
Upper Loose,1,530.7,0.33
Fairway Hills Trail,2,530.5,0.33
Daly Grind,1,527.3,0.33
April Mountain Summit Trail / Sunridge Court,1,521.6,0.32
Finns,1,518.5,0.32
Aspen Slalom,1,516.1,0.32
Short Fuse,1,510.4,0.32
King Road Connector,2,502.2,0.31
Morning Sky Court / Fairway Hills Trail,1,499.6,0.31
Moosehouse,1,492.9,0.31
Sweeneys,5,492.3,0.31
Silver Lake Road,2,478.5,0.3
McHenry Avenue,1,467.4,0.29
Boot Hill,2,465.6,0.29
Gambel Oak Cut,1,454.8,0.28
SQ Connector Trail,2,447.1,0.28
Daily Overlook,1,447.0,0.28
Ore Cart,1,445.7,0.28
OMG,2,438.9,0.27
Pedalers Inn,2,424.4,0.26
Hang Time South,2,422.4,0.26
SOS,1,420.8,0.26
Equestrian,2,418.1,0.26
Holy Roller Access,3,393.7,0.24
Moose Poop,1,378.1,0.23
Boot Hill Connect,1,364.9,0.23
Ontario Mine Trailhead Access,1,363.1,0.23
Ontario Ridge,2,361.6,0.22
Twist & Shout,1,361.1,0.22
Lookout Access,2,360.1,0.22
Euston Drive / Euston,1,334.5,0.21
Upper Devo Trail,1,326.5,0.2
Johns Access,4,299.4,0.19
Pointy Rocks,2,293.6,0.18
Upper Loose Moose,1,285.4,0.18
Blazing Saddle,1,277.8,0.17
Matts Access,1,276.8,0.17
Village Pipeline Connector,1,267.6,0.17
Devo,3,249.5,0.16
Village Trail,1,246.9,0.15
Shenanigans,1,243.8,0.15
Ramble On,1,225.5,0.14
Deer Crest Access,1,214.9,0.13
Nick NAC,4,214.6,0.13
Izzy's Inferno (Dog Pound),2,213.4,0.13
Silver Star Access,1,210.0,0.13
Eagle Cove,1,204.2,0.13
Sunny Slopes Trail,3,199.4,0.12
Perrier Pass,1,192.4,0.12
Silver Star Drive,1,192.2,0.12
Mid-Mountain Connect,1,187.8,0.12
Drift Road / King Road,1,181.6,0.11
Empire Alternate,1,176.2,0.11
Town,2,172.5,0.11
Bow Hunter,1,170.1,0.11
Corvair Connector,1,164.4,0.1
Barrel Roll (West),1,160.6,0.1
Lila's Lair (Dog Pound),2,152.0,0.09
April Mountain Summit Trail,1,149.7,0.09
Fox Tail Cutoff,1,148.3,0.09
Iron Mountain Drive,1,143.2,0.09
Red Cloud Trail,1,141.5,0.09
Outlook,2,137.8,0.09
Quarry Road,2,134.0,0.08
Shadow Lake Cutoff,1,133.9,0.08
Cammy Connector,1,130.6,0.08
Root Cellar,1,126.4,0.08
St. Regis Connector,1,122.3,0.08
Jenni Payday,1,121.7,0.08
Piper's Playground (Dog Pound),1,119.2,0.07
Io Trail (Middle),1,106.9,0.07
Corvair Access,2,101.3,0.06
Sweeneys Connector,1,100.2,0.06
Two Step,1,95.2,0.06
Empire Upper Access,1,88.8,0.06
Runnel,1,85.7,0.05
Walk the Line,1,84.4,0.05
Deer Crest Connect,1,81.2,0.05
Elks to Barrel Roll,2,81.2,0.05
Empire Link Access,1,73.3,0.05
Riser,2,73.2,0.05
Stiff Upper Lip Access,2,72.2,0.04
Super G Connect,1,72.0,0.04
Silver Strike Trail,1,66.8,0.04
Fireswamp,1,66.7,0.04
Ontario Loop Cutoff,1,66.0,0.04
Loose Moose Connect,1,65.5,0.04
Bow Hunter Connect Road,1,63.9,0.04
Ability Way Connector,1,62.3,0.04
Deer Camp Cutoff,1,62.1,0.04
Naildriver (Lower),2,57.1,0.04
To Deer Camp,2,56.4,0.04
Round Valley Express / Ability Way Trail,1,53.8,0.03
Old Ranch Access,1,53.2,0.03
Bow Hunter Connect,1,52.8,0.03
Flagstaff,2,47.3,0.03
Elks Connect,1,42.5,0.03
Empire Pass Connector,1,32.9,0.02
Meadow Road / Thaynes Road,1,32.5,0.02
Gap to Deer Crest,1,19.1,0.01
CMG Access,1,18.4,0.01
Jenni's Trail lower,1,11.3,0.01
