date,temperature_2m_max,temperature_2m_min,temperature_2m_mean,precipitation_sum,rain_sum,snowfall_sum
2023-01-01,33.2,27.4,30.8,1.728,0.0,12.098
2023-01-02,27.4,21.8,24.8,0.193,0.0,1.35
2023-01-03,23.6,18.5,21.6,0.169,0.008,1.13
2023-01-04,26.3,13.4,19.2,0.0,0.0,0.0
2023-01-05,30.6,20.2,26.6,0.232,0.0,1.626
2023-01-06,29.7,24.2,27.2,0.437,0.0,3.059
2023-01-07,30.0,17.2,22.3,0.0,0.0,0.0
2023-01-08,31.4,18.6,24.4,0.012,0.0,0.083
2023-01-09,31.7,18.8,26.3,0.709,0.0,4.961
2023-01-10,35.7,30.0,32.1,1.244,0.004,8.681
2023-01-11,30.4,18.2,25.6,0.417,0.0,2.921
2023-01-12,36.1,17.8,23.9,0.0,0.0,0.0
2023-01-13,36.5,25.3,31.7,0.0,0.0,0.0
2023-01-14,34.5,24.0,29.3,0.189,0.004,1.323
2023-01-15,29.1,22.8,27.2,1.22,0.0,8.543
2023-01-16,28.2,20.6,24.4,0.327,0.0,2.287
2023-01-17,27.7,20.6,23.6,0.386,0.0,2.728
2023-01-18,23.1,10.6,19.1,0.016,0.0,0.11
2023-01-19,23.6,10.4,16.8,0.079,0.0,0.551
2023-01-20,20.4,9.5,14.9,0.024,0.0,0.165
2023-01-21,22.2,7.6,13.7,0.0,0.0,0.0
2023-01-22,16.1,9.6,12.5,0.063,0.0,0.441
2023-01-23,22.6,8.8,13.7,0.004,0.0,0.028
2023-01-24,19.7,7.5,13.9,0.016,0.0,0.11
2023-01-25,20.3,11.4,15.4,0.055,0.004,0.358
2023-01-26,23.3,11.0,17.2,0.0,0.0,0.0
2023-01-27,27.9,19.4,23.7,0.213,0.0,1.488
2023-01-28,24.9,17.6,22.5,0.217,0.004,1.543
2023-01-29,26.0,17.5,21.0,0.173,0.0,1.213
2023-01-30,17.3,5.8,13.0,0.024,0.0,0.165
2023-01-31,19.1,-2.0,7.6,0.0,0.0,0.0
2023-02-01,26.4,6.8,15.0,0.0,0.0,0.0
2023-02-02,34.6,13.0,22.0,0.0,0.0,0.0
2023-02-03,35.3,17.7,25.3,0.0,0.0,0.0
2023-02-04,38.4,21.3,27.9,0.0,0.0,0.0
2023-02-05,31.6,19.1,25.0,0.15,0.0,1.047
2023-02-06,24.8,15.4,20.5,0.075,0.0,0.524
2023-02-07,31.2,16.9,22.4,0.0,0.0,0.0
2023-02-08,30.3,14.7,21.1,0.063,0.0,0.441
2023-02-09,24.2,7.5,14.2,0.0,0.0,0.0
2023-02-10,34.5,11.7,21.3,0.0,0.0,0.0
2023-02-11,35.4,21.3,29.5,0.0,0.0,0.0
2023-02-12,34.4,19.7,27.3,0.0,0.0,0.0
2023-02-13,35.0,18.5,28.0,0.0,0.0,0.0
2023-02-14,20.3,9.3,15.5,0.098,0.0,0.689
2023-02-15,14.4,5.6,10.7,0.012,0.0,0.083
2023-02-16,22.4,2.6,11.6,0.0,0.0,0.0
2023-02-17,36.3,9.8,21.4,0.0,0.0,0.0
2023-02-18,31.2,13.3,21.9,0.0,0.0,0.0
2023-02-19,30.4,17.8,22.3,0.087,0.0,0.606
2023-02-20,34.1,17.6,25.1,0.051,0.0,0.358
2023-02-21,31.9,20.4,26.3,0.976,0.0,6.835
2023-02-22,25.0,10.7,16.4,0.795,0.0,5.567
2023-02-23,17.4,7.3,12.9,0.272,0.0,1.902
2023-02-24,23.5,9.4,15.4,0.063,0.0,0.441
2023-02-25,36.3,14.2,24.2,0.0,0.0,0.0
2023-02-26,30.3,19.3,24.3,0.059,0.0,0.413
2023-02-27,25.2,20.9,23.1,0.594,0.0,4.161
2023-02-28,22.8,16.4,19.6,0.394,0.0,2.756
2023-03-01,25.1,16.4,20.0,0.378,0.004,2.618
2023-03-02,26.0,15.1,19.7,0.0,0.0,0.0
2023-03-03,26.6,13.4,20.4,0.055,0.0,0.386
2023-03-04,27.5,12.6,21.0,0.268,0.0,1.874
2023-03-05,23.3,16.9,20.6,0.232,0.0,1.626
2023-03-06,19.1,12.3,16.3,0.406,0.004,2.811
2023-03-07,25.3,13.8,18.5,0.0,0.0,0.0
2023-03-08,30.1,16.4,22.8,0.134,0.0,0.937
2023-03-09,33.0,19.2,25.1,0.114,0.0,0.799
2023-03-10,36.6,28.1,31.6,1.185,0.012,8.213
2023-03-11,34.3,17.9,25.8,0.067,0.0,0.469
2023-03-12,35.0,23.7,28.6,0.098,0.0,0.689
2023-03-13,37.5,21.2,28.9,0.008,0.0,0.055
2023-03-14,41.9,25.2,32.5,0.303,0.004,2.094
2023-03-15,36.8,22.7,32.7,0.685,0.008,4.74
2023-03-16,28.5,12.4,20.6,0.0,0.0,0.0
2023-03-17,28.4,7.8,19.5,0.0,0.0,0.0
2023-03-18,30.5,11.1,21.3,0.0,0.0,0.0
2023-03-19,37.3,13.3,24.6,0.039,0.0,0.276
2023-03-20,32.9,20.4,27.3,0.693,0.0,4.878
2023-03-21,37.5,18.5,27.0,0.087,0.0,0.606
2023-03-22,29.1,23.7,27.0,0.402,0.0,2.839
2023-03-23,31.4,22.7,27.0,0.295,0.0,2.122
2023-03-24,25.8,15.9,20.5,0.445,0.0,3.142
2023-03-25,20.0,11.3,15.3,0.094,0.0,0.661
2023-03-26,18.8,6.3,12.4,0.173,0.0,1.213
2023-03-27,23.2,9.7,15.3,0.134,0.0,0.937
2023-03-28,35.8,9.7,22.3,0.0,0.0,0.0
2023-03-29,38.9,25.2,31.1,0.091,0.0,0.634
2023-03-30,29.3,19.9,25.5,0.327,0.0,2.315
2023-03-31,31.1,19.7,25.4,0.413,0.0,2.894
2023-04-01,40.6,19.1,28.6,0.0,0.0,0.0
2023-04-02,40.5,25.9,32.7,0.063,0.0,0.441
2023-04-03,31.8,21.1,28.0,0.594,0.0,4.189
2023-04-04,20.8,16.4,19.1,0.437,0.0,3.059
2023-04-05,22.8,11.4,17.6,0.091,0.0,0.634
2023-04-06,33.3,7.9,21.0,0.0,0.0,0.0
2023-04-07,43.2,18.8,31.0,0.0,0.0,0.0
2023-04-08,46.6,24.2,33.5,0.0,0.0,0.0
2023-04-09,51.2,31.4,38.7,0.0,0.0,0.0
2023-04-10,54.2,31.4,41.7,0.0,0.0,0.0
2023-04-11,54.8,36.4,44.6,0.0,0.0,0.0
2023-04-12,52.6,35.6,43.6,0.0,0.0,0.0
2023-04-13,36.8,22.3,31.7,0.165,0.0,1.157
2023-04-14,31.6,18.0,25.7,0.098,0.004,0.661
2023-04-15,42.2,19.9,29.6,0.0,0.0,0.0
2023-04-16,47.9,25.9,36.5,0.0,0.0,0.0
2023-04-17,49.8,31.4,40.4,0.0,0.0,0.0
2023-04-18,38.6,23.5,32.7,0.693,0.0,4.85
2023-04-19,27.1,16.1,23.3,0.004,0.0,0.028
2023-04-20,27.5,17.0,21.7,0.059,0.004,0.386
2023-04-21,33.8,19.1,28.7,0.409,0.0,2.866
2023-04-22,35.6,23.3,29.8,0.012,0.0,0.083
2023-04-23,44.6,19.5,31.1,0.0,0.0,0.0
2023-04-24,41.7,26.7,34.3,0.028,0.016,0.083
2023-04-25,33.9,26.3,30.6,0.098,0.0,0.689
2023-04-26,44.8,26.5,35.4,0.0,0.0,0.0
2023-04-27,48.0,31.6,39.8,0.0,0.0,0.0
2023-04-28,50.5,29.1,39.1,0.0,0.0,0.0
2023-04-29,56.2,36.5,44.6,0.0,0.0,0.0
2023-04-30,58.6,40.9,47.7,0.0,0.0,0.0
2023-05-01,57.7,38.6,46.8,0.0,0.0,0.0
2023-05-02,54.3,38.6,45.0,0.0,0.0,0.0
2023-05-03,56.7,35.9,46.0,0.0,0.0,0.0
2023-05-04,50.9,31.9,41.9,0.035,0.016,0.138
2023-05-05,42.3,25.9,34.1,0.051,0.0,0.358
2023-05-06,42.8,26.1,34.6,0.091,0.008,0.579
2023-05-07,44.0,28.0,36.2,0.039,0.02,0.138
2023-05-08,49.7,30.2,39.6,0.098,0.067,0.22
2023-05-09,49.7,34.1,42.0,0.0,0.0,0.0
2023-05-10,50.6,35.2,41.9,0.161,0.106,0.386
2023-05-11,48.6,33.1,40.4,0.0,0.0,0.0
2023-05-12,51.2,35.0,43.0,0.0,0.0,0.0
2023-05-13,50.4,37.8,44.2,0.031,0.031,0.0
2023-05-14,53.0,38.3,45.2,0.134,0.134,0.0
2023-05-15,59.0,39.1,49.1,0.063,0.063,0.0
2023-05-16,60.2,39.8,49.1,0.071,0.071,0.0
2023-05-17,60.0,39.8,49.5,0.067,0.067,0.0
2023-05-18,54.7,39.5,46.4,0.0,0.0,0.0
2023-05-19,61.5,43.4,51.0,0.0,0.0,0.0
2023-05-20,65.7,44.1,55.2,0.0,0.0,0.0
2023-05-21,66.6,45.0,55.3,0.02,0.02,0.0
2023-05-22,66.4,47.2,55.1,0.11,0.11,0.0
2023-05-23,64.3,43.9,52.4,0.138,0.138,0.0
2023-05-24,61.4,45.2,53.3,0.35,0.35,0.0
2023-05-25,61.9,44.4,52.2,0.185,0.185,0.0
2023-05-26,59.3,39.6,49.9,0.449,0.394,0.386
2023-05-27,58.1,40.4,49.2,0.37,0.366,0.028
2023-05-28,60.7,42.1,51.1,0.492,0.492,0.0
2023-05-29,66.5,46.7,55.3,0.0,0.0,0.0
2023-05-30,65.7,44.6,55.8,0.0,0.0,0.0
2023-05-31,63.5,46.4,54.4,0.079,0.079,0.0
2023-06-01,58.8,45.3,52.4,0.083,0.083,0.0
2023-06-02,56.9,45.6,50.7,0.039,0.039,0.0
2023-06-03,58.4,42.9,51.2,0.114,0.114,0.0
2023-06-04,61.6,42.6,52.2,0.224,0.224,0.0
2023-06-05,66.1,46.1,55.4,0.098,0.098,0.0
2023-06-06,66.5,48.6,57.3,0.185,0.185,0.0
2023-06-07,65.6,48.7,56.7,0.004,0.004,0.0
2023-06-08,65.1,47.8,53.9,0.142,0.142,0.0
2023-06-09,59.3,44.2,51.9,0.189,0.189,0.0
2023-06-10,61.4,46.9,53.4,0.185,0.185,0.0
2023-06-11,62.8,48.9,54.6,0.134,0.134,0.0
2023-06-12,59.3,46.2,52.5,0.146,0.146,0.0
2023-06-13,58.7,45.4,51.6,0.512,0.512,0.0
2023-06-14,60.8,45.1,52.2,0.488,0.488,0.0
2023-06-15,56.4,43.7,49.3,0.457,0.457,0.0
2023-06-16,59.8,41.4,50.5,0.055,0.055,0.0
2023-06-17,64.7,43.5,54.1,0.047,0.047,0.0
2023-06-18,68.8,47.2,59.2,0.087,0.087,0.0
2023-06-19,70.4,49.7,60.9,0.004,0.004,0.0
2023-06-20,61.3,48.1,54.3,0.252,0.252,0.0
2023-06-21,64.1,42.7,54.2,0.0,0.0,0.0
2023-06-22,68.3,47.6,56.8,0.094,0.094,0.0
2023-06-23,62.1,48.9,56.2,0.004,0.004,0.0
2023-06-24,66.5,45.3,56.2,0.012,0.012,0.0
2023-06-25,72.1,50.5,61.7,0.0,0.0,0.0
2023-06-26,73.1,48.3,60.9,0.0,0.0,0.0
2023-06-27,66.6,47.3,58.1,0.024,0.024,0.0
2023-06-28,67.8,47.6,55.8,0.189,0.189,0.0
2023-06-29,64.2,47.5,55.1,0.26,0.26,0.0
2023-06-30,69.4,46.9,59.2,0.0,0.0,0.0
2023-07-01,76.6,51.6,63.8,0.0,0.0,0.0
2023-07-02,78.3,55.6,67.0,0.0,0.0,0.0
2023-07-03,80.0,55.6,66.8,0.106,0.106,0.0
2023-07-04,71.9,53.7,61.5,0.559,0.559,0.0
2023-07-05,75.5,52.3,63.5,0.035,0.035,0.0
2023-07-06,70.4,50.9,61.5,0.303,0.303,0.0
2023-07-07,74.4,52.4,62.5,0.106,0.106,0.0
2023-07-08,77.3,52.4,64.1,0.0,0.0,0.0
2023-07-09,80.3,53.6,66.8,0.0,0.0,0.0
2023-07-10,77.7,53.9,65.8,0.0,0.0,0.0
2023-07-11,81.7,53.4,66.9,0.0,0.0,0.0
2023-07-12,81.7,59.0,69.1,0.004,0.004,0.0
2023-07-13,81.0,58.4,69.6,0.004,0.004,0.0
2023-07-14,78.1,52.5,65.8,0.0,0.0,0.0
2023-07-15,80.0,52.7,67.3,0.0,0.0,0.0
2023-07-16,87.8,59.5,72.8,0.0,0.0,0.0
2023-07-17,88.5,63.9,75.3,0.0,0.0,0.0
2023-07-18,79.7,57.6,68.1,0.173,0.173,0.0
2023-07-19,78.0,57.6,65.8,0.276,0.276,0.0
2023-07-20,78.2,54.9,65.5,0.024,0.024,0.0
2023-07-21,82.6,57.1,68.8,0.0,0.0,0.0
2023-07-22,86.3,59.4,72.5,0.0,0.0,0.0
2023-07-23,84.0,63.0,71.0,0.079,0.079,0.0
2023-07-24,81.1,60.9,69.3,0.087,0.087,0.0
2023-07-25,80.1,57.9,68.0,0.157,0.157,0.0
2023-07-26,80.8,57.7,67.3,0.295,0.295,0.0
2023-07-27,84.4,59.5,69.8,0.043,0.043,0.0
2023-07-28,85.3,60.1,71.1,0.02,0.02,0.0
2023-07-29,85.4,60.1,73.3,0.0,0.0,0.0
2023-07-30,84.2,61.6,70.5,0.134,0.134,0.0
2023-07-31,73.3,60.1,66.8,0.157,0.157,0.0
2023-08-01,73.3,56.8,63.6,0.181,0.181,0.0
2023-08-02,71.7,56.0,61.0,0.476,0.476,0.0
2023-08-03,69.3,53.8,58.5,1.205,1.205,0.0
2023-08-04,72.8,51.8,61.7,0.031,0.031,0.0
2023-08-05,72.8,51.3,61.9,0.039,0.039,0.0
2023-08-06,71.1,51.4,60.2,0.307,0.307,0.0
2023-08-07,71.9,51.6,62.2,0.004,0.004,0.0
2023-08-08,66.0,51.8,59.3,0.071,0.071,0.0
2023-08-09,74.1,51.4,61.6,0.012,0.012,0.0
2023-08-10,74.7,54.2,65.1,0.047,0.047,0.0
2023-08-11,74.7,53.0,63.2,0.035,0.035,0.0
2023-08-12,72.5,54.1,63.1,0.417,0.417,0.0
2023-08-13,76.9,54.8,65.7,0.004,0.004,0.0
2023-08-14,77.9,53.0,65.8,0.0,0.0,0.0
2023-08-15,78.7,59.1,67.5,0.012,0.012,0.0
2023-08-16,78.7,59.0,67.6,0.087,0.087,0.0
2023-08-17,77.4,59.4,67.2,0.15,0.15,0.0
2023-08-18,76.2,57.8,66.0,0.035,0.035,0.0
2023-08-19,72.8,57.5,62.8,0.291,0.291,0.0
2023-08-20,78.4,55.9,65.4,0.0,0.0,0.0
2023-08-21,73.1,55.3,62.8,0.173,0.173,0.0
2023-08-22,68.9,51.6,59.5,0.189,0.189,0.0
2023-08-23,72.5,50.8,60.2,0.173,0.173,0.0
2023-08-24,69.7,52.6,60.3,0.11,0.11,0.0
2023-08-25,72.9,54.5,62.4,0.201,0.201,0.0
2023-08-26,73.6,54.0,63.0,0.15,0.15,0.0
2023-08-27,73.9,56.7,64.5,0.161,0.161,0.0
2023-08-28,76.9,56.1,65.7,0.004,0.004,0.0
2023-08-29,80.2,55.0,66.7,0.0,0.0,0.0
2023-08-30,76.1,52.1,63.5,0.0,0.0,0.0
2023-08-31,78.1,56.2,65.9,0.0,0.0,0.0
2023-09-01,65.7,52.9,58.1,0.22,0.22,0.0
2023-09-02,69.9,53.0,59.7,0.122,0.122,0.0
2023-09-03,69.7,51.4,60.1,0.008,0.008,0.0
2023-09-04,55.4,47.1,50.6,0.858,0.858,0.0
2023-09-05,67.2,45.0,54.7,0.0,0.0,0.0
2023-09-06,69.2,50.2,59.0,0.0,0.0,0.0
2023-09-07,70.3,47.7,59.2,0.0,0.0,0.0
2023-09-08,71.8,48.2,60.3,0.0,0.0,0.0
2023-09-09,73.6,49.5,60.9,0.098,0.098,0.0
2023-09-10,67.4,49.0,55.5,0.256,0.256,0.0
2023-09-11,67.4,49.5,57.9,0.0,0.0,0.0
2023-09-12,68.5,47.9,56.2,0.291,0.291,0.0
2023-09-13,62.6,46.6,53.3,0.571,0.571,0.0
2023-09-14,62.7,45.5,53.0,0.031,0.031,0.0
2023-09-15,64.8,44.9,53.8,0.0,0.0,0.0
2023-09-16,68.3,46.1,56.1,0.0,0.0,0.0
2023-09-17,68.3,47.6,56.7,0.02,0.02,0.0
2023-09-18,67.4,50.8,56.4,0.217,0.217,0.0
2023-09-19,64.5,46.9,53.4,0.217,0.217,0.0
2023-09-20,65.6,44.7,53.6,0.823,0.823,0.0
2023-09-21,57.8,38.5,47.6,0.386,0.28,0.744
2023-09-22,49.3,35.0,41.8,0.531,0.307,1.571
2023-09-23,58.4,35.3,45.4,0.0,0.0,0.0
2023-09-24,63.8,40.5,51.6,0.0,0.0,0.0
2023-09-25,68.5,43.1,54.6,0.0,0.0,0.0
2023-09-26,67.7,47.4,56.1,0.0,0.0,0.0
2023-09-27,69.1,47.2,57.0,0.0,0.0,0.0
2023-09-28,65.0,44.6,54.0,0.0,0.0,0.0
2023-09-29,65.9,44.6,55.3,0.0,0.0,0.0
2023-09-30,65.7,43.0,52.5,0.024,0.024,0.0
2023-10-01,53.3,37.9,44.6,0.209,0.209,0.0
2023-10-02,43.2,33.6,39.6,0.575,0.39,1.295
2023-10-03,46.0,32.0,38.9,0.008,0.008,0.0
2023-10-04,53.0,36.0,42.6,0.0,0.0,0.0
2023-10-05,59.4,37.4,46.5,0.0,0.0,0.0
2023-10-06,60.2,41.1,49.6,0.0,0.0,0.0
2023-10-07,64.6,41.1,51.5,0.0,0.0,0.0
2023-10-08,65.0,43.4,53.0,0.02,0.02,0.0
2023-10-09,65.3,44.4,53.5,0.004,0.004,0.0
2023-10-10,61.6,43.7,51.8,0.035,0.035,0.0
2023-10-11,44.3,33.1,40.1,0.543,0.295,1.736
2023-10-12,37.3,31.0,34.7,0.083,0.004,0.551
2023-10-13,48.5,27.2,37.2,0.0,0.0,0.0
2023-10-14,55.4,33.4,43.2,0.0,0.0,0.0
2023-10-15,60.3,40.2,49.1,0.0,0.0,0.0
2023-10-16,65.6,41.1,52.4,0.0,0.0,0.0
2023-10-17,64.7,42.5,52.9,0.0,0.0,0.0
2023-10-18,62.0,39.7,49.2,0.0,0.0,0.0
2023-10-19,66.5,42.3,53.3,0.0,0.0,0.0
2023-10-20,66.3,48.4,55.4,0.0,0.0,0.0
2023-10-21,61.9,45.1,52.7,0.094,0.094,0.0
2023-10-22,63.5,43.0,50.9,0.024,0.024,0.0
2023-10-23,57.9,38.5,46.0,0.106,0.106,0.0
2023-10-24,55.0,35.8,43.6,0.0,0.0,0.0
2023-10-25,55.7,38.6,45.7,0.0,0.0,0.0
2023-10-26,45.7,16.3,31.1,0.378,0.059,2.232
2023-10-27,44.9,17.2,31.0,0.0,0.0,0.0
2023-10-28,37.7,23.0,29.3,0.055,0.004,0.358
2023-10-29,30.2,15.8,22.7,0.0,0.0,0.0
2023-10-30,34.6,14.5,25.0,0.0,0.0,0.0
2023-10-31,43.6,18.7,31.1,0.0,0.0,0.0
2023-11-01,51.8,28.1,37.1,0.0,0.0,0.0
2023-11-02,55.0,30.4,40.8,0.0,0.0,0.0
2023-11-03,53.3,35.0,42.1,0.004,0.004,0.0
2023-11-04,57.6,34.8,44.8,0.0,0.0,0.0
2023-11-05,54.6,40.1,44.7,0.0,0.0,0.0
2023-11-06,48.7,40.6,43.8,0.0,0.0,0.0
2023-11-07,39.6,30.2,34.8,0.331,0.004,2.287
2023-11-08,34.5,21.9,28.0,0.0,0.0,0.0
2023-11-09,38.0,18.9,27.0,0.0,0.0,0.0
2023-11-10,40.5,20.6,28.3,0.0,0.0,0.0
2023-11-11,43.2,25.1,32.0,0.0,0.0,0.0
2023-11-12,47.0,24.7,33.7,0.0,0.0,0.0
2023-11-13,48.2,28.4,35.2,0.0,0.0,0.0
2023-11-14,46.5,30.9,36.6,0.0,0.0,0.0
2023-11-15,52.1,30.1,39.4,0.0,0.0,0.0
2023-11-16,44.0,31.6,38.2,0.941,0.413,3.693
2023-11-17,46.6,26.0,34.7,0.0,0.0,0.0
2023-11-18,40.9,26.0,32.3,0.413,0.035,2.646
2023-11-19,34.8,27.1,31.8,0.902,0.004,6.283
2023-11-20,34.0,14.6,26.0,0.012,0.0,0.083
2023-11-21,39.6,11.3,27.7,0.0,0.0,0.0
2023-11-22,48.4,21.6,31.5,0.0,0.0,0.0
2023-11-23,40.0,26.2,31.3,0.063,0.0,0.441
2023-11-24,27.0,14.8,22.4,0.409,0.0,2.866
2023-11-25,25.5,6.5,15.4,0.0,0.0,0.0
2023-11-26,28.1,3.6,14.3,0.0,0.0,0.0
2023-11-27,34.1,6.1,20.7,0.0,0.0,0.0
2023-11-28,40.3,15.2,25.7,0.0,0.0,0.0
2023-11-29,38.6,13.6,25.3,0.0,0.0,0.0
2023-11-30,33.2,16.0,23.1,0.004,0.0,0.028
2023-12-01,27.2,14.1,19.9,0.15,0.0,1.047
2023-12-02,27.8,18.0,23.4,0.276,0.0,1.929
2023-12-03,34.3,27.3,31.4,0.85,0.004,5.953
2023-12-04,40.4,23.3,32.7,0.039,0.004,0.248
2023-12-05,45.4,23.9,33.8,0.0,0.0,0.0
2023-12-06,46.2,29.2,36.0,0.0,0.0,0.0
2023-12-07,33.4,17.2,28.5,0.051,0.0,0.358
2023-12-08,22.1,10.8,18.9,0.421,0.0,2.949
2023-12-09,22.1,7.8,12.6,0.0,0.0,0.0
2023-12-10,39.7,10.5,26.5,0.0,0.0,0.0
2023-12-11,43.0,17.0,30.4,0.0,0.0,0.0
2023-12-12,32.6,14.5,22.5,0.0,0.0,0.0
2023-12-13,32.6,13.6,20.6,0.0,0.0,0.0
2023-12-14,39.1,16.0,25.5,0.0,0.0,0.0
2023-12-15,40.3,19.7,27.1,0.0,0.0,0.0
2023-12-16,47.7,23.0,34.1,0.0,0.0,0.0
2023-12-17,42.2,22.8,30.9,0.0,0.0,0.0
2023-12-18,45.3,23.2,33.6,0.0,0.0,0.0
2023-12-19,43.9,27.4,33.8,0.012,0.0,0.083
2023-12-20,41.3,24.8,31.6,0.004,0.0,0.028
2023-12-21,41.3,25.4,31.6,0.0,0.0,0.0
2023-12-22,38.5,19.5,27.5,0.0,0.0,0.0
2023-12-23,29.8,11.8,23.9,0.067,0.004,0.441
2023-12-24,23.2,4.8,12.2,0.0,0.0,0.0
2023-12-25,25.8,5.5,12.8,0.0,0.0,0.0
2023-12-26,29.6,8.3,18.5,0.0,0.0,0.0
2023-12-27,34.4,15.0,23.9,0.0,0.0,0.0
2023-12-28,41.1,19.5,29.0,0.0,0.0,0.0
2023-12-29,42.6,20.8,30.0,0.0,0.0,0.0
2023-12-30,40.7,23.9,30.6,0.012,0.0,0.083
2023-12-31,39.5,20.6,28.4,0.0,0.0,0.0
2024-01-01,37.7,14.4,24.6,0.0,0.0,0.0
2024-01-02,36.1,12.5,23.5,0.0,0.0,0.0
2024-01-03,32.9,11.8,22.6,0.039,0.0,0.276
2024-01-04,27.8,16.5,23.0,0.02,0.0,0.138
2024-01-05,26.9,17.6,22.2,0.075,0.0,0.524
2024-01-06,25.3,11.6,18.4,0.063,0.0,0.441
2024-01-07,19.0,11.7,16.6,0.382,0.0,2.673
2024-01-08,17.5,1.0,10.3,0.004,0.0,0.028
2024-01-09,27.8,3.9,17.6,0.13,0.0,0.909
2024-01-10,21.8,8.3,15.8,0.445,0.004,3.142
2024-01-11,15.9,5.7,10.7,0.091,0.0,0.634
2024-01-12,22.8,4.2,15.2,0.157,0.008,1.075
2024-01-13,26.9,13.2,20.9,0.835,0.008,5.787
2024-01-14,30.4,25.5,28.5,0.748,0.004,5.209
2024-01-15,26.1,4.8,18.2,0.126,0.0,0.882
2024-01-16,29.2,5.6,16.4,0.0,0.0,0.0
2024-01-17,34.1,18.9,27.6,0.402,0.004,2.811
2024-01-18,36.3,20.8,28.9,0.138,0.0,0.965
2024-01-19,40.6,22.6,31.5,0.0,0.0,0.0
2024-01-20,38.7,24.2,31.2,0.138,0.0,0.965
2024-01-21,35.9,27.7,31.7,0.63,0.004,4.382
2024-01-22,37.9,23.3,31.1,0.126,0.012,0.799
2024-01-23,36.2,16.9,25.3,0.051,0.0,0.358
2024-01-24,35.6,19.9,27.0,0.0,0.0,0.0
2024-01-25,32.4,17.5,25.3,0.189,0.0,1.323
2024-01-26,33.2,14.8,24.7,0.004,0.0,0.028
2024-01-27,38.2,16.4,28.1,0.0,0.0,0.0
2024-01-28,43.4,29.2,35.1,0.0,0.0,0.0
2024-01-29,43.5,26.5,35.3,0.0,0.0,0.0
2024-01-30,44.9,24.3,32.7,0.0,0.0,0.0
2024-01-31,43.1,21.7,31.1,0.0,0.0,0.0
2024-02-01,40.4,25.3,32.6,0.016,0.008,0.055
2024-02-02,35.3,28.4,32.4,0.362,0.0,2.535
2024-02-03,30.0,16.5,25.3,0.091,0.0,0.634
2024-02-04,32.6,10.8,21.4,0.0,0.0,0.0
2024-02-05,34.3,25.0,30.8,0.472,0.0,3.307
2024-02-06,36.7,29.9,32.5,0.165,0.0,1.157
2024-02-07,31.2,20.9,27.7,0.835,0.0,5.843
2024-02-08,30.4,18.1,23.5,0.272,0.008,1.846
2024-02-09,25.3,13.3,20.4,0.346,0.008,2.425
2024-02-10,23.3,7.3,13.6,0.012,0.0,0.083
2024-02-11,28.6,7.0,15.6,0.0,0.0,0.0
2024-02-12,34.5,11.3,20.6,0.0,0.0,0.0
2024-02-13,37.2,18.3,26.6,0.0,0.0,0.0
2024-02-14,35.0,22.7,27.8,0.106,0.0,0.744
2024-02-15,33.3,19.6,27.6,0.496,0.0,3.472
2024-02-16,32.4,19.7,25.3,0.335,0.0,2.343
2024-02-17,32.3,5.2,17.8,0.0,0.0,0.0
2024-02-18,35.5,15.4,26.4,0.472,0.004,3.28
2024-02-19,42.2,22.5,31.4,0.106,0.0,0.744
2024-02-20,36.8,29.6,33.6,0.717,0.0,5.016
2024-02-21,36.6,22.4,31.1,0.539,0.0,3.776
2024-02-22,35.0,15.5,25.2,0.012,0.0,0.083
2024-02-23,36.0,19.7,25.7,0.0,0.0,0.0
2024-02-24,40.9,19.0,28.0,0.0,0.0,0.0
2024-02-25,42.2,22.6,30.6,0.0,0.0,0.0
2024-02-26,38.5,26.0,31.5,0.22,0.0,1.543
2024-02-27,28.9,7.6,16.7,0.256,0.0,1.791
2024-02-28,36.4,6.2,20.0,0.0,0.0,0.0
2024-02-29,40.3,20.6,29.6,0.0,0.0,0.0
2024-03-01,39.5,27.8,33.6,0.004,0.0,0.028
2024-03-02,35.2,16.5,29.8,0.783,0.0,5.484
2024-03-03,22.7,10.9,16.9,0.189,0.0,1.323
2024-03-04,24.0,12.5,17.3,0.13,0.004,0.882
2024-03-05,34.2,15.0,23.6,0.118,0.0,0.827
2024-03-06,37.4,22.6,29.1,0.138,0.0,0.992
2024-03-07,33.8,22.7,27.6,0.232,0.0,1.626
2024-03-08,28.6,9.3,18.5,0.0,0.0,0.0
2024-03-09,40.4,5.7,21.6,0.0,0.0,0.0
2024-03-10,41.4,19.3,29.0,0.0,0.0,0.0
2024-03-11,39.8,25.8,31.5,0.142,0.0,0.992
2024-03-12,37.0,25.7,31.0,0.543,0.0,3.803
2024-03-13,29.6,12.2,23.5,0.094,0.0,0.661
2024-03-14,34.2,12.0,23.3,0.012,0.0,0.083
2024-03-15,36.8,11.0,23.3,0.0,0.0,0.0
2024-03-16,40.9,16.8,28.0,0.0,0.0,0.0
2024-03-17,42.2,23.2,31.7,0.0,0.0,0.0
2024-03-18,45.8,18.3,33.0,0.0,0.0,0.0
2024-03-19,50.0,27.2,35.9,0.0,0.0,0.0
2024-03-20,49.4,27.1,36.2,0.0,0.0,0.0
2024-03-21,44.9,28.1,35.0,0.378,0.035,2.398
2024-03-22,46.8,26.0,35.5,0.016,0.008,0.055
2024-03-23,43.1,28.4,34.8,0.315,0.0,2.205
2024-03-24,31.7,21.6,26.8,0.094,0.0,0.689
2024-03-25,33.6,18.9,25.2,0.031,0.0,0.22
2024-03-26,30.1,16.1,22.6,0.161,0.0,1.13
2024-03-27,36.6,14.3,25.8,0.008,0.0,0.055
2024-03-28,38.7,27.7,32.0,0.311,0.0,2.177
2024-03-29,39.7,23.2,30.7,0.217,0.0,1.543
2024-03-30,36.9,29.0,32.5,0.567,0.0,3.969
2024-03-31,35.0,23.2,30.9,0.516,0.0,3.61
2024-04-01,36.0,23.6,29.2,0.083,0.02,0.441
2024-04-02,44.3,22.4,31.5,0.0,0.0,0.0
2024-04-03,47.2,26.1,36.3,0.0,0.0,0.0
2024-04-04,49.4,31.4,40.0,0.0,0.0,0.0
2024-04-05,41.9,18.4,31.9,0.11,0.0,0.772
2024-04-06,27.8,14.0,21.4,0.248,0.0,1.736
2024-04-07,31.9,11.7,22.4,0.028,0.0,0.193
2024-04-08,36.1,13.5,24.5,0.0,0.0,0.0
2024-04-09,40.7,19.4,29.0,0.0,0.0,0.0
2024-04-10,43.5,26.4,34.0,0.0,0.0,0.0
2024-04-11,49.6,28.6,38.1,0.0,0.0,0.0
2024-04-12,55.2,33.8,43.6,0.0,0.0,0.0
2024-04-13,53.0,32.8,42.7,0.0,0.0,0.0
2024-04-14,49.4,30.9,40.0,0.02,0.008,0.083
2024-04-15,38.4,29.9,34.3,0.303,0.0,2.15
2024-04-16,46.7,27.0,37.2,0.0,0.0,0.0
2024-04-17,43.8,29.9,37.7,0.028,0.028,0.0
2024-04-18,45.3,21.0,32.9,0.0,0.0,0.0
2024-04-19,44.5,31.5,37.4,0.0,0.0,0.0
2024-04-20,50.1,33.3,39.9,0.0,0.0,0.0
2024-04-21,55.3,33.2,42.7,0.0,0.0,0.0
2024-04-22,56.9,34.1,44.7,0.004,0.004,0.0
2024-04-23,57.7,38.6,45.1,0.079,0.071,0.055
2024-04-24,54.4,40.6,46.7,0.0,0.0,0.0
2024-04-25,50.2,33.0,41.1,0.283,0.146,0.965
2024-04-26,42.5,33.1,37.3,0.531,0.197,2.343
2024-04-27,41.4,32.3,36.8,0.126,0.043,0.579
2024-04-28,44.0,31.4,36.7,0.016,0.004,0.083
2024-04-29,46.9,29.8,38.3,0.091,0.039,0.358
2024-04-30,43.8,24.9,35.7,0.004,0.0,0.028
2024-05-01,38.1,22.9,33.5,0.0,0.0,0.0
2024-05-02,44.0,19.7,32.6,0.0,0.0,0.0
2024-05-03,41.3,27.7,34.8,0.102,0.0,0.717
2024-05-04,53.3,20.2,38.1,0.0,0.0,0.0
2024-05-05,44.8,27.9,38.9,0.213,0.075,0.965
2024-05-06,37.3,25.5,30.4,0.492,0.0,3.445
2024-05-07,32.8,23.7,29.5,0.13,0.0,0.909
2024-05-08,36.4,19.7,28.5,0.012,0.0,0.083
2024-05-09,42.4,25.1,34.2,0.004,0.0,0.028
2024-05-10,43.1,24.6,35.5,0.039,0.008,0.22
2024-05-11,47.1,27.5,38.5,0.055,0.055,0.0
2024-05-12,53.4,38.2,44.9,0.0,0.0,0.0
2024-05-13,60.2,37.1,46.9,0.098,0.098,0.0
2024-05-14,53.2,36.8,44.5,0.0,0.0,0.0
2024-05-15,51.4,35.3,43.3,0.02,0.02,0.0
2024-05-16,58.6,38.9,46.2,0.0,0.0,0.0
2024-05-17,55.0,35.5,46.6,0.004,0.004,0.0
2024-05-18,60.9,34.3,45.4,0.0,0.0,0.0
2024-05-19,51.9,37.8,45.5,0.0,0.0,0.0
2024-05-20,43.9,30.4,38.9,0.252,0.146,0.744
2024-05-21,43.3,26.0,34.4,0.0,0.0,0.0
2024-05-22,52.2,29.6,41.0,0.0,0.0,0.0
2024-05-23,40.4,27.2,35.3,0.016,0.0,0.11
2024-05-24,50.2,23.5,37.8,0.083,0.083,0.0
2024-05-25,43.7,35.3,39.2,0.165,0.15,0.11
2024-05-26,51.7,34.2,42.5,0.0,0.0,0.0
2024-05-27,62.7,39.7,49.9,0.0,0.0,0.0
2024-05-28,61.4,39.5,49.8,0.071,0.071,0.0
2024-05-29,59.0,40.5,49.5,0.016,0.016,0.0
2024-05-30,58.9,34.5,46.9,0.0,0.0,0.0
2024-05-31,64.8,41.3,52.8,0.0,0.0,0.0
2024-06-01,69.1,47.5,55.9,0.157,0.157,0.0
2024-06-02,62.1,50.6,56.0,0.252,0.252,0.0
2024-06-03,63.2,45.1,53.1,0.169,0.169,0.0
2024-06-04,63.8,43.7,53.1,0.0,0.0,0.0
2024-06-05,72.2,47.3,59.4,0.0,0.0,0.0
2024-06-06,76.5,53.3,64.1,0.0,0.0,0.0
2024-06-07,71.6,53.0,62.6,0.374,0.374,0.0
2024-06-08,73.8,52.1,62.3,0.012,0.012,0.0
2024-06-09,76.2,55.6,63.8,0.094,0.094,0.0
2024-06-10,69.0,53.4,61.4,0.224,0.224,0.0
2024-06-11,74.8,52.1,63.3,0.0,0.0,0.0
2024-06-12,79.4,56.5,67.0,0.02,0.02,0.0
2024-06-13,80.4,57.9,68.7,0.0,0.0,0.0
2024-06-14,76.4,54.5,64.3,0.142,0.142,0.0
2024-06-15,73.7,54.3,63.8,0.0,0.0,0.0
2024-06-16,70.8,47.8,59.6,0.0,0.0,0.0
2024-06-17,66.0,37.1,54.5,0.02,0.02,0.0
2024-06-18,58.4,33.1,45.0,0.004,0.004,0.0
2024-06-19,67.8,43.5,55.1,0.0,0.0,0.0
2024-06-20,76.4,47.7,61.5,0.0,0.0,0.0
2024-06-21,70.7,52.3,59.4,0.417,0.417,0.0
2024-06-22,78.6,51.8,64.7,0.063,0.063,0.0
2024-06-23,81.7,58.6,68.5,0.0,0.0,0.0
2024-06-24,81.1,58.3,69.6,0.035,0.035,0.0
2024-06-25,82.2,59.6,70.6,0.016,0.016,0.0
2024-06-26,79.6,60.3,68.0,0.024,0.024,0.0
2024-06-27,72.8,56.2,63.3,0.213,0.213,0.0
2024-06-28,74.2,51.9,62.4,0.0,0.0,0.0
2024-06-29,80.0,52.5,66.2,0.0,0.0,0.0
2024-06-30,81.5,56.6,68.7,0.0,0.0,0.0
2024-07-01,68.6,52.0,60.8,0.039,0.039,0.0
2024-07-02,70.8,45.4,58.6,0.0,0.0,0.0
2024-07-03,71.9,52.9,61.9,0.0,0.0,0.0
2024-07-04,72.6,45.0,59.4,0.0,0.0,0.0
2024-07-05,76.6,52.6,63.2,0.0,0.0,0.0
2024-07-06,76.3,50.3,63.7,0.0,0.0,0.0
2024-07-07,75.4,52.1,64.1,0.0,0.0,0.0
2024-07-08,79.8,51.3,65.7,0.0,0.0,0.0
2024-07-09,83.1,57.2,69.6,0.0,0.0,0.0
2024-07-10,85.7,58.8,72.6,0.0,0.0,0.0
2024-07-11,89.0,61.0,75.1,0.0,0.0,0.0
2024-07-12,87.5,62.0,74.1,0.028,0.028,0.0
2024-07-13,87.6,62.3,73.6,0.016,0.016,0.0
2024-07-14,85.3,57.9,71.6,0.13,0.13,0.0
2024-07-15,76.2,58.8,66.8,0.63,0.63,0.0
2024-07-16,79.3,56.0,68.3,0.0,0.0,0.0
2024-07-17,80.6,56.9,66.0,0.256,0.256,0.0
2024-07-18,80.0,56.8,67.0,0.295,0.295,0.0
2024-07-19,80.5,58.0,68.0,0.098,0.098,0.0
2024-07-20,81.8,60.7,70.5,0.0,0.0,0.0
2024-07-21,79.7,58.4,69.0,0.0,0.0,0.0
2024-07-22,82.1,56.1,68.8,0.0,0.0,0.0
2024-07-23,84.4,59.3,70.1,0.169,0.169,0.0
2024-07-24,87.0,60.8,73.7,0.0,0.0,0.0
2024-07-25,80.6,61.1,70.4,0.067,0.067,0.0
2024-07-26,79.0,57.6,67.8,0.059,0.059,0.0
2024-07-27,78.1,53.5,65.2,0.252,0.252,0.0
2024-07-28,78.9,56.7,66.7,0.0,0.0,0.0
2024-07-29,79.5,55.5,67.0,0.0,0.0,0.0
2024-07-30,79.8,55.0,67.0,0.0,0.0,0.0
2024-07-31,81.2,55.9,68.3,0.0,0.0,0.0
2024-08-01,85.4,59.7,72.0,0.0,0.0,0.0
2024-08-02,88.3,61.8,74.3,0.0,0.0,0.0
2024-08-03,82.5,62.8,71.3,0.114,0.114,0.0
2024-08-04,81.6,61.5,70.2,0.028,0.028,0.0
2024-08-05,80.9,60.8,69.2,0.48,0.48,0.0
2024-08-06,85.8,58.7,71.9,0.028,0.028,0.0
2024-08-07,83.7,63.9,72.9,0.028,0.028,0.0
2024-08-08,82.4,62.9,71.8,0.0,0.0,0.0
2024-08-09,80.6,54.8,67.7,0.201,0.201,0.0
2024-08-10,79.9,58.6,66.4,0.161,0.161,0.0
2024-08-11,77.0,57.8,65.9,0.374,0.374,0.0
2024-08-12,71.6,55.8,62.2,0.205,0.205,0.0
2024-08-13,70.6,53.1,59.6,1.055,1.055,0.0
2024-08-14,70.1,49.7,59.4,0.654,0.654,0.0
2024-08-15,75.2,51.6,63.5,0.0,0.0,0.0
2024-08-16,77.2,54.2,65.5,0.0,0.0,0.0
2024-08-17,70.1,55.6,62.6,0.232,0.232,0.0
2024-08-18,75.8,55.5,62.5,0.602,0.602,0.0
2024-08-19,74.4,52.0,62.6,0.047,0.047,0.0
2024-08-20,79.1,56.1,67.7,0.0,0.0,0.0
2024-08-21,79.2,56.5,66.5,0.0,0.0,0.0
2024-08-22,70.2,54.5,61.4,0.142,0.142,0.0
2024-08-23,71.6,53.8,61.3,0.098,0.098,0.0
2024-08-24,72.2,48.2,59.8,0.0,0.0,0.0
2024-08-25,65.8,48.7,55.5,0.228,0.228,0.0
2024-08-26,67.4,45.5,55.4,0.0,0.0,0.0
2024-08-27,73.9,46.7,59.8,0.0,0.0,0.0
2024-08-28,75.7,53.4,63.1,0.0,0.0,0.0
2024-08-29,71.9,46.3,59.2,0.0,0.0,0.0
2024-08-30,75.1,47.8,60.5,0.0,0.0,0.0
2024-08-31,78.2,50.7,64.0,0.0,0.0,0.0
2024-09-01,78.2,54.8,65.6,0.0,0.0,0.0
2024-09-02,77.3,56.9,64.1,0.177,0.177,0.0
2024-09-03,74.5,55.6,61.4,0.594,0.594,0.0
2024-09-04,69.6,49.5,58.2,0.547,0.547,0.0
2024-09-05,72.4,45.8,58.9,0.0,0.0,0.0
2024-09-06,75.5,50.3,61.9,0.0,0.0,0.0
2024-09-07,77.3,52.4,64.3,0.0,0.0,0.0
2024-09-08,77.0,53.9,62.6,0.193,0.193,0.0
2024-09-09,73.7,55.7,62.1,0.343,0.343,0.0
2024-09-10,73.8,51.4,59.7,0.268,0.268,0.0
2024-09-11,72.8,50.3,60.9,0.063,0.063,0.0
2024-09-12,56.4,42.6,49.1,0.043,0.043,0.0
2024-09-13,64.1,39.8,50.9,0.0,0.0,0.0
2024-09-14,70.3,47.6,57.7,0.0,0.0,0.0
2024-09-15,71.4,50.6,59.2,0.004,0.004,0.0
2024-09-16,66.5,47.1,55.8,0.047,0.047,0.0
2024-09-17,52.1,36.5,45.2,0.504,0.37,0.937
2024-09-18,59.1,36.4,46.8,0.0,0.0,0.0
2024-09-19,66.2,42.5,53.0,0.0,0.0,0.0
2024-09-20,65.6,45.8,55.0,0.016,0.016,0.0
2024-09-21,66.6,46.5,54.5,0.087,0.087,0.0
2024-09-22,65.8,45.5,54.4,0.004,0.004,0.0
2024-09-23,66.6,45.8,54.6,0.0,0.0,0.0
2024-09-24,72.4,46.7,57.6,0.0,0.0,0.0
2024-09-25,74.6,48.5,60.4,0.0,0.0,0.0
2024-09-26,74.6,53.8,61.8,0.0,0.0,0.0
2024-09-27,76.1,51.5,62.4,0.0,0.0,0.0
2024-09-28,78.2,51.1,63.3,0.0,0.0,0.0
2024-09-29,75.5,51.7,61.8,0.201,0.201,0.0
2024-09-30,71.2,44.9,56.0,0.0,0.0,0.0
2024-10-01,71.7,43.1,55.8,0.0,0.0,0.0
2024-10-02,72.3,48.1,57.8,0.0,0.0,0.0
2024-10-03,71.5,44.4,56.9,0.0,0.0,0.0
2024-10-04,74.3,50.4,60.9,0.0,0.0,0.0
2024-10-05,66.7,47.6,55.9,0.0,0.0,0.0
2024-10-06,69.7,48.9,56.7,0.0,0.0,0.0
2024-10-07,70.4,48.0,57.2,0.02,0.02,0.0
2024-10-08,70.3,48.2,56.0,0.197,0.197,0.0
2024-10-09,70.8,45.9,56.7,0.004,0.004,0.0
2024-10-10,70.3,50.5,58.0,0.0,0.0,0.0
2024-10-11,69.9,49.6,57.9,0.0,0.0,0.0
2024-10-12,68.2,50.3,56.7,0.0,0.0,0.0
2024-10-13,70.0,46.5,55.7,0.0,0.0,0.0
2024-10-14,67.6,46.1,55.2,0.004,0.004,0.0
2024-10-15,68.1,46.7,55.6,0.0,0.0,0.0
2024-10-16,61.9,43.8,51.6,0.165,0.165,0.0
2024-10-17,46.0,37.3,42.7,1.012,0.654,2.508
2024-10-18,40.0,33.4,35.8,0.394,0.012,2.673
2024-10-19,54.1,30.4,40.8,0.0,0.0,0.0
2024-10-20,53.7,36.0,43.1,0.024,0.024,0.0
2024-10-21,56.2,35.9,44.4,0.0,0.0,0.0
2024-10-22,59.5,40.8,48.3,0.0,0.0,0.0
2024-10-23,62.5,44.4,50.6,0.0,0.0,0.0
2024-10-24,49.9,32.7,41.7,0.0,0.0,0.0
2024-10-25,59.0,34.9,45.0,0.0,0.0,0.0
2024-10-26,62.5,44.0,50.8,0.0,0.0,0.0
2024-10-27,60.1,43.9,49.5,0.0,0.0,0.0
2024-10-28,54.6,34.3,45.3,0.362,0.055,2.15
2024-10-29,35.0,23.4,31.2,0.441,0.004,3.059
2024-10-30,34.1,17.7,25.0,0.0,0.0,0.0
2024-10-31,38.6,18.6,29.8,0.016,0.0,0.11
2024-11-01,42.7,23.2,31.6,0.004,0.0,0.028
2024-11-02,41.4,28.7,34.0,0.075,0.0,0.524
2024-11-03,31.8,23.3,28.3,0.13,0.0,0.909
2024-11-04,32.3,17.7,23.7,0.0,0.0,0.0
2024-11-05,31.2,18.9,26.1,0.244,0.004,1.681
2024-11-06,28.3,15.6,20.4,0.0,0.0,0.0
2024-11-07,34.4,14.9,23.0,0.0,0.0,0.0
2024-11-08,38.2,20.2,28.6,0.0,0.0,0.0
2024-11-09,40.5,24.2,31.5,0.0,0.0,0.0
2024-11-10,47.6,26.4,35.4,0.0,0.0,0.0
2024-11-11,48.0,31.8,37.6,0.0,0.0,0.0
2024-11-12,34.8,22.4,29.9,0.268,0.0,1.874
2024-11-13,44.1,19.3,29.8,0.0,0.0,0.0
2024-11-14,43.2,28.2,33.6,0.0,0.0,0.0
2024-11-15,39.3,23.6,29.5,0.071,0.0,0.496
2024-11-16,28.7,15.5,24.5,0.126,0.0,0.882
2024-11-17,36.0,13.6,23.5,0.0,0.0,0.0
2024-11-18,31.4,12.1,24.5,0.102,0.0,0.717
2024-11-19,23.9,11.9,16.1,0.004,0.0,0.028
2024-11-20,41.1,15.1,27.3,0.0,0.0,0.0
2024-11-21,46.3,28.3,35.3,0.0,0.0,0.0
2024-11-22,48.2,30.6,36.8,0.0,0.0,0.0
2024-11-23,41.7,32.5,37.3,0.0,0.0,0.0
2024-11-24,33.0,12.3,25.6,0.303,0.0,2.122
2024-11-25,35.8,11.8,23.2,0.039,0.0,0.276
2024-11-26,33.9,25.7,30.5,0.657,0.0,4.602
2024-11-27,30.5,9.1,23.2,0.012,0.0,0.083
2024-11-28,31.4,10.7,18.7,0.0,0.0,0.0
2024-11-29,38.3,15.4,23.6,0.0,0.0,0.0
2024-11-30,43.6,15.9,26.5,0.0,0.0,0.0
2024-12-01,44.9,21.3,31.0,0.0,0.0,0.0
2024-12-02,45.9,26.9,34.3,0.0,0.0,0.0
2024-12-03,48.2,29.5,36.0,0.0,0.0,0.0
2024-12-04,44.2,28.0,33.5,0.0,0.0,0.0
2024-12-05,42.9,25.0,32.0,0.0,0.0,0.0
2024-12-06,41.9,22.3,30.4,0.0,0.0,0.0
2024-12-07,42.4,22.7,30.6,0.0,0.0,0.0
2024-12-08,38.7,24.5,30.4,0.004,0.0,0.028
2024-12-09,24.4,12.5,18.7,0.028,0.0,0.22
2024-12-10,29.5,11.8,17.7,0.0,0.0,0.0
2024-12-11,39.6,14.8,25.6,0.0,0.0,0.0
2024-12-12,41.4,23.3,29.3,0.0,0.0,0.0
2024-12-13,31.1,18.0,23.6,0.15,0.0,1.047
2024-12-14,37.2,17.4,27.9,0.059,0.0,0.413
2024-12-15,29.6,12.6,22.7,0.083,0.0,0.579
2024-12-16,43.1,17.7,29.8,0.012,0.0,0.083
2024-12-17,33.2,17.9,28.0,0.024,0.004,0.138
2024-12-18,47.5,21.5,31.5,0.0,0.0,0.0
2024-12-19,47.6,24.6,33.8,0.0,0.0,0.0
2024-12-20,48.9,30.5,37.2,0.0,0.0,0.0
2024-12-21,47.0,31.6,36.6,0.0,0.0,0.0
2024-12-22,43.2,32.3,36.7,0.016,0.0,0.11
2024-12-23,38.5,23.3,31.6,0.012,0.0,0.083
2024-12-24,42.4,21.5,30.6,0.028,0.0,0.193
2024-12-25,32.0,19.5,28.4,0.201,0.0,1.406
2024-12-26,35.9,15.7,24.8,0.205,0.0,1.433
2024-12-27,33.3,19.2,26.6,0.74,0.004,5.154
2024-12-28,38.2,25.8,31.9,0.543,0.004,3.776
2024-12-29,43.2,28.0,34.5,0.26,0.0,1.819
2024-12-30,28.8,9.8,20.5,0.173,0.0,1.213
2024-12-31,24.1,5.8,12.5,0.0,0.0,0.0
2025-01-01,33.1,5.8,21.0,0.13,0.0,0.909
2025-01-02,41.6,28.1,32.8,0.248,0.008,1.681
2025-01-03,46.1,27.6,34.4,0.0,0.0,0.0
2025-01-04,32.1,14.0,25.5,0.531,0.0,3.72
2025-01-05,29.3,13.5,21.6,0.012,0.0,0.083
2025-01-06,31.6,19.9,25.3,0.039,0.008,0.22
2025-01-07,26.0,8.2,18.7,0.0,0.0,0.0
2025-01-08,31.7,6.0,16.8,0.0,0.0,0.0
2025-01-09,26.7,12.9,18.5,0.0,0.0,0.0
2025-01-10,34.4,10.2,21.9,0.035,0.0,0.248
2025-01-11,27.7,9.4,21.4,0.319,0.0,2.232
2025-01-12,23.8,9.5,16.1,0.004,0.0,0.028
2025-01-13,22.2,3.6,11.9,0.0,0.0,0.0
2025-01-14,27.7,4.0,13.8,0.0,0.0,0.0
2025-01-15,35.9,9.3,21.7,0.0,0.0,0.0
2025-01-16,43.5,17.3,27.9,0.0,0.0,0.0
2025-01-17,33.6,16.4,23.0,0.051,0.004,0.331
2025-01-18,18.7,0.5,11.9,0.173,0.0,1.213
2025-01-19,20.1,2.8,10.6,0.02,0.0,0.138
2025-01-20,12.7,-7.8,3.5,0.008,0.0,0.055
2025-01-21,32.4,-4.3,13.9,0.0,0.0,0.0
2025-01-22,22.4,3.5,13.2,0.0,0.0,0.0
2025-01-23,26.6,5.8,13.7,0.0,0.0,0.0
2025-01-24,35.2,10.7,22.9,0.035,0.0,0.248
2025-01-25,23.9,12.5,19.5,0.327,0.0,2.287
2025-01-26,28.7,7.6,16.6,0.028,0.0,0.193
2025-01-27,35.7,9.7,19.3,0.0,0.0,0.0
2025-01-28,35.2,9.3,19.4,0.0,0.0,0.0
2025-01-29,38.9,14.1,23.2,0.0,0.0,0.0
2025-01-30,38.6,11.5,21.8,0.0,0.0,0.0
2025-01-31,44.1,14.6,28.0,0.031,0.0,0.22
2025-02-01,34.7,29.6,32.0,0.441,0.0,3.114
2025-02-02,41.1,33.8,37.5,0.02,0.0,0.138
2025-02-03,49.2,32.9,39.3,0.0,0.0,0.0
2025-02-04,49.7,34.8,40.5,0.008,0.004,0.028
2025-02-05,43.2,25.4,35.2,0.067,0.004,0.441
2025-02-06,42.6,22.5,31.9,0.0,0.0,0.0
2025-02-07,38.6,20.0,31.3,0.768,0.016,5.264
2025-02-08,23.4,14.0,18.8,0.087,0.0,0.606
2025-02-09,30.9,8.8,16.6,0.0,0.0,0.0
2025-02-10,31.5,7.2,17.0,0.0,0.0,0.0
2025-02-11,22.8,-1.8,12.0,0.055,0.004,0.358
2025-02-12,15.5,-5.6,3.2,0.0,0.0,0.0
2025-02-13,27.5,3.1,16.7,0.709,0.0,4.961
2025-02-14,37.2,26.7,30.8,0.421,0.008,2.894
2025-02-15,26.0,12.6,21.5,0.228,0.004,1.571
2025-02-16,32.8,16.3,26.3,0.224,0.0,1.571
2025-02-17,35.3,20.6,27.4,0.098,0.0,0.689
2025-02-18,30.0,16.1,22.8,0.035,0.004,0.22
2025-02-19,36.8,15.9,24.9,0.016,0.004,0.083
2025-02-20,31.3,24.5,27.4,0.228,0.004,1.571
2025-02-21,36.2,15.6,24.6,0.0,0.0,0.0
2025-02-22,41.9,13.4,25.2,0.0,0.0,0.0
2025-02-23,45.8,21.0,32.9,0.0,0.0,0.0
2025-02-24,50.4,31.8,39.6,0.0,0.0,0.0
2025-02-25,42.5,19.5,33.4,0.004,0.0,0.028
2025-02-26,35.5,17.0,24.3,0.0,0.0,0.0
2025-02-27,47.5,16.1,30.1,0.0,0.0,0.0
2025-02-28,51.0,23.7,35.9,0.0,0.0,0.0
2025-03-01,53.4,24.1,37.3,0.0,0.0,0.0
2025-03-02,49.0,28.9,38.0,0.028,0.0,0.193
2025-03-03,33.4,21.5,27.6,0.142,0.0,0.992
2025-03-04,37.7,21.6,29.5,0.142,0.008,0.937
2025-03-05,40.9,22.1,29.7,0.394,0.0,2.756
2025-03-06,34.3,23.3,30.8,1.346,0.0,9.425
2025-03-07,29.2,20.9,25.3,0.114,0.004,0.772
2025-03-08,40.2,17.0,26.0,0.0,0.0,0.0
2025-03-09,49.8,18.8,31.9,0.0,0.0,0.0
2025-03-10,48.1,23.6,34.2,0.0,0.0,0.0
2025-03-11,46.3,21.5,33.3,0.0,0.0,0.0
2025-03-12,43.1,20.9,32.5,0.0,0.0,0.0
2025-03-13,40.7,26.5,33.0,0.374,0.0,2.618
2025-03-14,30.6,19.5,24.8,0.142,0.004,0.965
2025-03-15,29.5,16.6,23.0,0.272,0.0,1.902
2025-03-16,42.5,14.9,29.6,0.0,0.0,0.0
2025-03-17,45.6,30.0,36.6,0.004,0.0,0.028
2025-03-18,32.5,16.2,24.4,0.591,0.0,4.134
2025-03-19,33.0,8.9,21.2,0.0,0.0,0.0
2025-03-20,38.7,17.0,26.0,0.0,0.0,0.0
2025-03-21,40.4,18.2,29.3,0.079,0.0,0.551
2025-03-22,41.3,27.9,34.1,0.201,0.004,1.378
2025-03-23,45.8,24.7,34.1,0.0,0.0,0.0
2025-03-24,51.7,31.1,39.9,0.0,0.0,0.0
2025-03-25,54.9,32.8,42.4,0.0,0.0,0.0
2025-03-26,60.6,36.1,46.1,0.0,0.0,0.0
2025-03-27,58.6,34.5,45.6,0.0,0.0,0.0
2025-03-28,49.4,31.4,39.5,0.157,0.016,0.992
2025-03-29,42.9,30.0,34.8,0.287,0.004,1.984
2025-03-30,42.2,23.5,32.5,0.071,0.004,0.496
2025-03-31,44.7,27.3,35.0,0.654,0.004,4.547
2025-04-01,28.6,12.6,24.1,0.268,0.0,1.874
2025-04-02,35.1,11.8,21.4,0.157,0.0,1.102
2025-04-03,35.7,14.7,24.2,0.106,0.0,0.744
2025-04-04,36.0,15.1,25.5,0.016,0.0,0.11
2025-04-05,39.8,16.6,27.3,0.0,0.0,0.0
2025-04-06,47.2,20.0,32.7,0.0,0.0,0.0
2025-04-07,53.6,26.0,39.2,0.0,0.0,0.0
2025-04-08,52.1,31.4,41.3,0.0,0.0,0.0
2025-04-09,54.8,30.4,41.7,0.0,0.0,0.0
2025-04-10,61.5,33.3,46.4,0.0,0.0,0.0
2025-04-11,63.9,41.1,50.7,0.0,0.0,0.0
2025-04-12,60.0,38.0,46.9,0.004,0.004,0.0
2025-04-13,48.7,25.7,39.2,0.035,0.012,0.165
2025-04-14,54.1,22.8,38.3,0.0,0.0,0.0
2025-04-15,57.6,34.1,44.9,0.0,0.0,0.0
2025-04-16,55.4,35.4,44.2,0.154,0.13,0.165
2025-04-17,39.1,19.6,33.7,0.402,0.047,2.48
2025-04-18,35.5,16.4,25.7,0.024,0.0,0.165
2025-04-19,42.7,16.5,28.7,0.0,0.0,0.0
2025-04-20,46.5,25.8,37.4,0.016,0.0,0.11
2025-04-21,45.7,31.0,38.6,0.004,0.0,0.028
2025-04-22,49.7,28.9,39.9,0.004,0.004,0.0
2025-04-23,57.6,36.9,43.3,0.122,0.11,0.083
2025-04-24,53.6,33.6,42.0,0.303,0.201,0.717
2025-04-25,57.3,36.9,46.4,0.0,0.0,0.0
2025-04-26,60.1,35.3,47.8,0.0,0.0,0.0
2025-04-27,45.3,31.8,38.8,0.012,0.0,0.083
2025-04-28,43.4,28.7,36.0,0.091,0.008,0.579
2025-04-29,53.6,32.6,41.9,0.043,0.043,0.0
2025-04-30,50.9,33.4,40.2,0.236,0.201,0.248
2025-05-01,54.1,33.2,43.0,0.0,0.0,0.0
2025-05-02,61.6,35.1,47.9,0.0,0.0,0.0
2025-05-03,65.7,42.1,52.3,0.0,0.0,0.0
2025-05-04,57.4,41.0,48.1,0.024,0.024,0.0
2025-05-05,49.4,38.1,42.0,0.87,0.811,0.413
2025-05-06,53.2,35.4,41.0,0.13,0.106,0.165
2025-05-07,58.8,30.6,44.5,0.008,0.008,0.0
2025-05-08,63.1,39.8,51.9,0.035,0.035,0.0
2025-05-09,68.0,44.9,55.5,0.0,0.0,0.0
2025-05-10,69.6,46.7,57.8,0.0,0.0,0.0
2025-05-11,69.3,42.5,55.2,0.047,0.047,0.0
2025-05-12,70.3,42.4,56.6,0.0,0.0,0.0
2025-05-13,54.5,31.1,43.0,0.083,0.02,0.441
2025-05-14,39.6,27.0,33.9,0.252,0.0,1.764
2025-05-15,46.8,30.0,38.1,0.039,0.02,0.138
2025-05-16,52.5,33.9,42.2,0.098,0.087,0.083
2025-05-17,58.5,37.7,46.4,0.157,0.15,0.055
2025-05-18,42.3,34.3,39.1,0.516,0.346,1.185
2025-05-19,39.4,29.1,34.3,0.012,0.0,0.083
2025-05-20,54.9,31.5,45.0,0.071,0.071,0.0
2025-05-21,59.8,35.2,47.4,0.0,0.0,0.0
2025-05-22,69.8,43.1,54.5,0.012,0.012,0.0
2025-05-23,67.2,44.7,55.9,0.079,0.079,0.0
2025-05-24,64.5,46.2,53.9,0.228,0.228,0.0
2025-05-25,62.9,45.1,53.0,0.146,0.146,0.0
2025-05-26,67.4,46.5,56.3,0.0,0.0,0.0
2025-05-27,68.9,49.7,57.6,0.287,0.287,0.0
2025-05-28,69.9,49.9,59.2,0.008,0.008,0.0
2025-05-29,71.8,52.1,61.3,0.039,0.039,0.0
2025-05-30,74.9,55.1,64.0,0.004,0.004,0.0
2025-05-31,75.9,54.5,63.9,0.0,0.0,0.0
2025-06-01,76.8,54.8,64.2,0.031,0.031,0.0
2025-06-02,68.1,46.1,58.7,0.008,0.008,0.0
2025-06-03,60.9,40.5,51.3,0.0,0.0,0.0
2025-06-04,65.2,44.1,53.3,0.122,0.122,0.0
2025-06-05,65.1,44.4,54.8,0.071,0.071,0.0
2025-06-06,65.6,48.8,55.9,0.157,0.157,0.0
2025-06-07,71.0,49.6,60.3,0.004,0.004,0.0
2025-06-08,74.3,54.0,63.8,0.0,0.0,0.0
2025-06-09,74.6,52.2,64.1,0.0,0.0,0.0
2025-06-10,77.0,58.1,65.3,0.126,0.126,0.0
2025-06-11,79.3,58.7,65.2,0.303,0.303,0.0
2025-06-12,76.6,52.7,64.8,0.047,0.047,0.0
2025-06-13,78.0,53.5,66.1,0.0,0.0,0.0
2025-06-14,79.3,51.3,66.3,0.0,0.0,0.0
2025-06-15,81.3,56.8,68.5,0.0,0.0,0.0
2025-06-16,78.6,57.2,66.9,0.012,0.012,0.0
2025-06-17,71.8,54.0,63.6,0.0,0.0,0.0
2025-06-18,78.9,55.4,66.5,0.0,0.0,0.0
2025-06-19,85.8,59.1,71.8,0.0,0.0,0.0
2025-06-20,79.4,53.9,68.6,0.0,0.0,0.0
2025-06-21,73.2,44.4,58.7,0.0,0.0,0.0
2025-06-22,57.8,39.5,47.2,0.0,0.0,0.0
2025-06-23,67.8,42.2,53.8,0.0,0.0,0.0
2025-06-24,70.0,49.4,59.2,0.008,0.008,0.0
2025-06-25,71.5,51.6,60.7,0.114,0.114,0.0
2025-06-26,76.1,53.1,64.3,0.012,0.012,0.0
2025-06-27,79.5,55.7,67.6,0.0,0.0,0.0
2025-06-28,79.2,58.0,66.9,0.028,0.028,0.0
2025-06-29,78.6,59.3,66.8,0.189,0.189,0.0
2025-06-30,77.3,56.6,67.0,0.102,0.102,0.0
2025-07-01,81.3,60.1,68.4,0.102,0.102,0.0
2025-07-02,75.1,58.9,64.9,0.169,0.169,0.0
2025-07-03,73.2,55.3,61.4,0.433,0.433,0.0
2025-07-04,72.9,53.5,60.3,0.524,0.524,0.0
2025-07-05,76.3,53.4,64.2,0.004,0.004,0.0
2025-07-06,76.9,55.6,64.9,0.051,0.051,0.0
2025-07-07,79.6,55.8,67.3,0.024,0.024,0.0
2025-07-08,80.8,59.7,69.5,0.004,0.004,0.0
2025-07-09,80.6,59.3,68.0,0.028,0.028,0.0
2025-07-10,75.0,52.8,65.1,0.0,0.0,0.0
2025-07-11,76.7,53.5,64.5,0.0,0.0,0.0
2025-07-12,78.1,56.7,66.7,0.0,0.0,0.0
2025-07-13,82.1,58.9,69.3,0.0,0.0,0.0
2025-07-14,81.2,61.3,70.8,0.0,0.0,0.0
2025-07-15,80.8,59.8,68.6,0.209,0.209,0.0
2025-07-16,79.1,59.3,67.8,0.055,0.055,0.0
2025-07-17,79.7,60.5,67.2,0.181,0.181,0.0
2025-07-18,72.4,58.5,64.1,0.673,0.673,0.0
2025-07-19,74.9,57.9,65.1,0.028,0.028,0.0
2025-07-20,78.6,58.7,67.6,0.028,0.028,0.0
2025-07-21,76.2,56.3,65.5,0.016,0.016,0.0
2025-07-22,74.8,54.0,65.2,0.024,0.024,0.0
2025-07-23,77.3,56.5,66.6,0.0,0.0,0.0
2025-07-24,77.1,57.7,66.8,0.008,0.008,0.0
2025-07-25,77.3,56.6,66.5,0.0,0.0,0.0
2025-07-26,76.2,58.4,66.3,0.0,0.0,0.0
2025-07-27,78.3,55.5,66.1,0.0,0.0,0.0
2025-07-28,82.3,58.4,69.6,0.004,0.004,0.0
2025-07-29,82.1,61.1,70.2,0.012,0.012,0.0
2025-07-30,83.4,58.4,70.4,0.0,0.0,0.0
2025-07-31,80.1,57.0,68.5,0.0,0.0,0.0
2025-08-01,79.8,57.5,68.4,0.008,0.008,0.0
2025-08-02,79.3,57.6,67.1,0.047,0.047,0.0
2025-08-03,80.3,55.6,67.4,0.008,0.008,0.0
2025-08-04,81.7,58.0,69.3,0.0,0.0,0.0
2025-08-05,81.2,54.7,67.8,0.0,0.0,0.0
2025-08-06,84.6,58.4,70.9,0.0,0.0,0.0
2025-08-07,83.7,58.0,70.6,0.0,0.0,0.0
2025-08-08,74.2,55.7,64.5,0.0,0.0,0.0
2025-08-09,74.6,54.0,62.4,0.0,0.0,0.0
2025-08-10,75.1,51.8,63.0,0.0,0.0,0.0
2025-08-11,79.4,55.1,66.6,0.0,0.0,0.0
2025-08-12,83.9,58.2,70.6,0.0,0.0,0.0
2025-08-13,86.3,61.3,72.8,0.024,0.024,0.0
2025-08-14,81.9,59.2,69.0,0.169,0.169,0.0
2025-08-15,78.1,55.9,66.4,0.224,0.224,0.0
2025-08-16,76.0,56.6,65.1,0.087,0.087,0.0
2025-08-17,76.4,53.9,64.6,0.02,0.02,0.0
2025-08-18,79.4,57.1,67.4,0.0,0.0,0.0
2025-08-19,85.7,58.7,72.0,0.0,0.0,0.0
2025-08-20,87.2,62.3,74.4,0.0,0.0,0.0
2025-08-21,82.4,60.1,70.6,0.35,0.35,0.0
2025-08-22,76.0,58.0,64.9,0.689,0.689,0.0
2025-08-23,78.0,60.7,66.7,0.181,0.181,0.0
2025-08-24,71.9,56.5,63.2,0.189,0.189,0.0
2025-08-25,72.8,56.2,62.1,0.539,0.539,0.0
2025-08-26,63.0,56.0,58.8,0.563,0.563,0.0
2025-08-27,66.9,52.1,58.1,0.461,0.461,0.0
2025-08-28,65.9,50.0,57.6,0.122,0.122,0.0
2025-08-29,67.9,52.9,59.0,0.012,0.012,0.0
2025-08-30,68.5,51.9,59.7,0.0,0.0,0.0
2025-08-31,74.5,51.8,62.3,0.0,0.0,0.0
2025-09-01,75.7,54.1,64.3,0.0,0.0,0.0
2025-09-02,78.7,57.5,66.3,0.0,0.0,0.0
2025-09-03,78.6,56.2,65.8,0.0,0.0,0.0
2025-09-04,74.3,54.8,62.3,0.024,0.024,0.0
2025-09-05,70.5,54.8,61.2,0.224,0.224,0.0
2025-09-06,65.7,52.7,59.1,0.528,0.528,0.0
2025-09-07,71.9,51.2,60.2,0.087,0.087,0.0
2025-09-08,71.6,52.1,61.0,0.118,0.118,0.0
2025-09-09,71.6,51.3,60.7,0.008,0.008,0.0
2025-09-10,73.9,51.8,60.7,0.004,0.004,0.0
2025-09-11,68.3,47.4,57.3,0.028,0.028,0.0
2025-09-12,66.5,47.4,54.9,0.012,0.012,0.0
2025-09-13,62.5,45.6,51.1,0.232,0.232,0.0
2025-09-14,68.6,46.2,55.9,0.0,0.0,0.0
2025-09-15,68.0,48.7,56.9,0.024,0.024,0.0
2025-09-16,65.0,43.8,53.3,0.028,0.028,0.0
2025-09-17,65.6,46.0,54.1,0.004,0.004,0.0
2025-09-18,69.8,45.5,56.0,0.0,0.0,0.0
2025-09-19,67.2,51.1,58.3,0.0,0.0,0.0
2025-09-20,66.8,51.2,56.5,0.098,0.098,0.0
2025-09-21,66.5,47.2,56.1,0.276,0.276,0.0
2025-09-22,58.9,44.0,50.8,0.126,0.126,0.0
2025-09-23,61.1,40.9,49.4,0.0,0.0,0.0
2025-09-24,68.7,43.2,54.4,0.0,0.0,0.0
2025-09-25,71.8,47.7,58.5,0.0,0.0,0.0
2025-09-26,65.6,51.0,57.0,0.028,0.028,0.0
2025-09-27,68.4,49.3,56.9,0.012,0.012,0.0
2025-09-28,63.4,47.8,53.5,0.13,0.13,0.0
2025-09-29,63.7,45.8,53.8,0.004,0.004,0.0
2025-09-30,57.3,46.0,50.5,0.122,0.122,0.0
2025-10-01,64.3,43.7,52.8,0.039,0.039,0.0
2025-10-02,69.3,47.6,56.9,0.0,0.0,0.0
2025-10-03,67.5,45.9,55.0,0.067,0.067,0.0
2025-10-04,46.3,39.0,42.1,0.579,0.516,0.441
2025-10-05,49.7,32.7,40.6,0.063,0.063,0.0
2025-10-06,50.9,33.2,40.5,0.0,0.0,0.0
2025-10-07,60.2,35.2,45.6,0.0,0.0,0.0
2025-10-08,64.0,42.8,51.9,0.0,0.0,0.0
2025-10-09,66.4,45.2,54.8,0.043,0.043,0.0
2025-10-10,62.8,47.9,54.0,0.323,0.323,0.0
2025-10-11,60.3,34.7,50.4,0.685,0.366,2.232
2025-10-12,46.5,28.7,36.9,0.012,0.0,0.083
2025-10-13,57.5,35.2,44.0,0.059,0.059,0.0
2025-10-14,58.1,37.9,44.9,0.512,0.437,0.524
2025-10-15,46.9,35.9,40.9,0.492,0.26,1.626
2025-10-16,40.4,32.9,36.3,0.323,0.012,2.205
2025-10-17,50.0,29.0,37.5,0.0,0.0,0.0
2025-10-18,54.6,34.7,43.0,0.0,0.0,0.0
2025-10-19,59.4,38.8,48.5,0.0,0.0,0.0
2025-10-20,46.4,30.8,38.2,0.043,0.028,0.11
2025-10-21,57.0,33.5,43.4,0.0,0.0,0.0
2025-10-22,60.4,39.5,47.5,0.031,0.031,0.0
2025-10-23,54.5,35.3,43.9,0.031,0.031,0.0
2025-10-24,56.8,34.0,43.7,0.0,0.0,0.0
2025-10-25,57.7,38.6,47.1,0.0,0.0,0.0
2025-10-26,52.2,40.4,44.4,0.063,0.063,0.0
2025-10-27,39.9,23.4,33.7,0.224,0.067,1.102
2025-10-28,45.9,24.4,33.8,0.0,0.0,0.0
2025-10-29,58.1,35.1,43.3,0.0,0.0,0.0
2025-10-30,55.0,32.4,41.0,0.0,0.0,0.0
2025-10-31,54.8,34.1,41.6,0.0,0.0,0.0
2025-11-01,57.7,34.0,44.4,0.0,0.0,0.0
2025-11-02,62.5,39.0,48.6,0.0,0.0,0.0
2025-11-03,59.9,41.9,48.6,0.0,0.0,0.0
2025-11-04,57.9,37.8,46.1,0.0,0.0,0.0
2025-11-05,59.3,38.6,48.0,0.0,0.0,0.0
2025-11-06,45.9,29.4,39.6,0.039,0.028,0.083
2025-11-07,46.6,31.2,38.1,0.0,0.0,0.0
2025-11-08,47.0,30.2,36.7,0.0,0.0,0.0
2025-11-09,52.7,31.0,40.4,0.0,0.0,0.0
2025-11-10,58.5,36.9,45.4,0.0,0.0,0.0
2025-11-11,56.4,35.4,43.9,0.0,0.0,0.0
2025-11-12,56.6,39.6,45.8,0.0,0.0,0.0
2025-11-13,55.9,37.0,45.0,0.0,0.0,0.0
2025-11-14,55.3,39.4,45.4,0.031,0.031,0.0
2025-11-15,55.1,37.7,44.9,0.0,0.0,0.0
2025-11-16,51.2,35.0,41.2,0.358,0.24,0.827
2025-11-17,39.1,29.6,35.1,0.264,0.016,1.736
2025-11-18,42.1,29.2,35.3,0.008,0.008,0.0
2025-11-19,43.9,32.9,36.9,0.028,0.024,0.028
2025-11-20,41.2,27.5,35.0,0.051,0.0,0.358
2025-11-21,42.3,28.0,33.8,0.0,0.0,0.0
2025-11-22,45.6,28.5,35.5,0.0,0.0,0.0
2025-11-23,47.2,29.5,36.2,0.0,0.0,0.0
2025-11-24,45.2,28.9,34.1,0.0,0.0,0.0
2025-11-25,39.5,25.2,31.3,0.0,0.0,0.0
2025-11-26,44.9,26.6,34.5,0.0,0.0,0.0
2025-11-27,51.0,31.4,39.4,0.0,0.0,0.0
2025-11-28,47.0,29.7,36.5,0.004,0.0,0.028
2025-11-29,39.8,26.4,31.5,0.0,0.0,0.0
2025-11-30,30.5,24.2,28.3,0.24,0.0,1.681
2025-12-01,29.6,12.3,20.8,0.0,0.0,0.0
2025-12-02,35.1,24.2,28.8,0.264,0.0,1.846
2025-12-03,28.5,15.6,24.4,0.031,0.0,0.22
2025-12-04,29.7,12.4,21.1,0.012,0.0,0.083
2025-12-05,32.4,26.7,29.7,0.421,0.047,2.618
2025-12-06,34.6,19.7,30.0,0.476,0.0,3.335
2025-12-07,37.4,17.3,27.5,0.004,0.0,0.028
2025-12-08,41.8,24.1,32.1,0.016,0.0,0.11
2025-12-09,46.3,24.6,36.1,0.0,0.0,0.0
2025-12-10,49.2,33.1,38.5,0.0,0.0,0.0
2025-12-11,49.8,27.5,35.9,0.0,0.0,0.0
2025-12-12,45.6,25.8,32.8,0.0,0.0,0.0
2025-12-13,44.9,26.9,33.8,0.0,0.0,0.0
2025-12-14,47.0,29.7,37.1,0.0,0.0,0.0
2025-12-15,45.7,29.6,36.3,0.0,0.0,0.0
2025-12-16,44.6,28.9,35.4,0.0,0.0,0.0
2025-12-17,44.1,27.3,36.1,0.26,0.02,1.681
2025-12-18,35.9,18.2,27.9,0.004,0.0,0.028
2025-12-19,42.0,32.5,36.9,0.161,0.0,1.13
2025-12-20,38.6,29.4,33.9,0.012,0.0,0.083
2025-12-21,45.8,34.8,40.0,0.016,0.004,0.083
2025-12-22,46.4,36.0,39.9,0.0,0.0,0.0
2025-12-23,46.4,35.5,39.7,0.0,0.0,0.0
2025-12-24,43.9,34.2,39.8,0.008,0.008,0.0
2025-12-25,44.0,33.1,38.8,0.146,0.146,0.0
2025-12-26,40.1,30.4,34.5,0.028,0.0,0.22
2025-12-27,33.3,22.4,29.2,0.362,0.0,2.535
2025-12-28,23.6,10.3,16.9,0.063,0.008,0.386
2025-12-29,33.5,11.3,21.4,0.0,0.0,0.0
2025-12-30,41.6,24.0,31.6,0.0,0.0,0.0
2025-12-31,45.5,30.7,36.6,0.0,0.0,0.0
2026-01-01,36.8,34.0,35.6,0.598,0.157,3.087
2026-01-02,37.5,27.8,34.5,0.567,0.031,3.748
2026-01-03,43.1,28.2,35.1,0.02,0.0,0.138
2026-01-04,38.8,32.9,35.2,0.492,0.012,3.362
2026-01-05,35.1,19.7,30.3,0.358,0.004,2.48
2026-01-06,38.1,16.4,25.4,0.0,0.0,0.0
2026-01-07,37.6,18.5,25.7,0.232,0.0,1.626
2026-01-08,27.2,11.5,19.9,0.079,0.004,0.524
2026-01-09,22.3,4.0,13.8,0.024,0.0,0.165
2026-01-10,32.6,6.2,17.6,0.0,0.0,0.0
2026-01-11,44.0,19.7,29.6,0.0,0.0,0.0
2026-01-12,46.8,24.7,33.1,0.0,0.0,0.0
2026-01-13,46.9,26.9,34.6,0.0,0.0,0.0
2026-01-14,47.1,26.8,33.8,0.0,0.0,0.0
2026-01-15,46.2,21.8,30.6,0.0,0.0,0.0
2026-01-16,38.3,17.0,25.8,0.0,0.0,0.0
2026-01-17,39.7,16.3,24.8,0.0,0.0,0.0
2026-01-18,45.8,19.8,28.9,0.0,0.0,0.0
2026-01-19,38.8,13.6,24.1,0.0,0.0,0.0
2026-01-20,41.3,13.4,22.8,0.0,0.0,0.0
2026-01-21,42.5,16.8,26.1,0.0,0.0,0.0
2026-01-22,43.2,18.4,27.1,0.0,0.0,0.0
2026-01-23,36.7,18.4,25.9,0.008,0.0,0.055
2026-01-24,26.0,4.2,16.3,0.0,0.0,0.0
2026-01-25,20.0,-0.2,9.8,0.02,0.0,0.138
2026-01-26,36.0,3.8,18.6,0.0,0.0,0.0
2026-01-27,40.6,19.6,27.4,0.0,0.0,0.0
2026-01-28,39.1,21.6,26.9,0.067,0.0,0.469
2026-01-29,35.2,13.9,23.0,0.0,0.0,0.0
2026-01-30,39.6,13.7,25.8,0.0,0.0,0.0
2026-01-31,46.3,24.7,32.7,0.0,0.0,0.0
2026-02-01,48.1,28.6,36.2,0.0,0.0,0.0
2026-02-02,42.2,20.5,32.5,0.0,0.0,0.0
2026-02-03,42.1,20.0,29.1,0.0,0.0,0.0
2026-02-04,44.6,24.1,33.0,0.0,0.0,0.0
2026-02-05,46.3,27.3,36.0,0.0,0.0,0.0
2026-02-06,47.1,29.8,36.1,0.0,0.0,0.0
2026-02-07,45.1,26.6,34.6,0.0,0.0,0.0
2026-02-08,46.7,25.1,34.7,0.0,0.0,0.0
2026-02-09,36.9,21.8,31.9,0.031,0.0,0.22
2026-02-10,35.8,21.4,28.2,0.098,0.0,0.689
2026-02-11,43.2,30.5,34.5,0.437,0.012,2.976
2026-02-12,41.6,26.0,33.4,0.433,0.004,3.004
2026-02-13,38.6,19.5,28.8,0.079,0.0,0.551
2026-02-14,44.0,17.3,28.5,0.0,0.0,0.0
2026-02-15,41.6,24.2,31.5,0.0,0.0,0.0
2026-02-16,43.8,24.2,33.1,0.012,0.0,0.083
2026-02-17,34.0,18.6,27.1,0.756,0.004,5.264
2026-02-18,27.4,9.0,21.2,0.787,0.004,5.484
2026-02-19,24.1,1.3,12.6,0.024,0.0,0.22
2026-02-20,22.4,6.0,14.4,0.098,0.0,0.689
2026-02-21,37.1,4.5,18.9,0.0,0.0,0.0
2026-02-22,46.1,17.0,28.8,0.0,0.0,0.0
2026-02-23,49.4,25.1,35.5,0.0,0.0,0.0
2026-02-24,45.0,28.5,36.2,0.476,0.354,0.854
2026-02-25,46.0,31.2,38.7,0.484,0.248,1.654
2026-02-26,42.0,25.5,33.1,0.004,0.0,0.028
2026-02-27,48.7,26.3,35.7,0.0,0.0,0.0
2026-02-28,49.2,27.0,37.8,0.0,0.0,0.0
2026-03-01,52.5,34.3,42.0,0.047,0.02,0.193
2026-03-02,49.7,33.0,38.6,0.504,0.13,2.618
2026-03-03,40.1,27.1,33.4,0.138,0.0,0.965
2026-03-04,48.4,24.1,34.4,0.016,0.004,0.083
2026-03-05,31.4,21.1,26.8,0.224,0.0,1.571
2026-03-06,28.6,17.9,24.9,0.236,0.004,1.626
2026-03-07,39.3,13.1,25.0,0.0,0.0,0.0
2026-03-08,48.7,20.5,33.2,0.0,0.0,0.0
2026-03-09,52.3,28.7,39.0,0.0,0.0,0.0
2026-03-10,47.3,25.6,36.4,0.0,0.0,0.0
2026-03-11,39.5,15.8,27.3,0.0,0.0,0.0
2026-03-12,49.4,25.7,37.9,0.0,0.0,0.0
2026-03-13,51.0,34.7,40.8,0.0,0.0,0.0
2026-03-14,48.5,34.6,38.9,0.075,0.024,0.358
2026-03-15,32.6,12.8,23.6,0.0,0.0,0.0
2026-03-16,45.0,22.1,34.9,0.0,0.0,0.0
2026-03-17,54.1,33.2,41.6,0.0,0.0,0.0
2026-03-18,60.3,36.1,45.9,0.0,0.0,0.0
2026-03-19,62.7,39.4,49.1,0.0,0.0,0.0
2026-03-20,69.6,43.1,53.0,0.0,0.0,0.0
2026-03-21,67.6,40.8,54.0,0.0,0.0,0.0
2026-03-22,60.2,38.7,47.4,0.0,0.0,0.0
2026-03-23,60.8,43.5,51.0,0.0,0.0,0.0
2026-03-24,66.6,42.0,52.5,0.0,0.0,0.0
2026-03-25,69.4,44.2,55.0,0.004,0.004,0.0
2026-03-26,55.4,34.0,45.9,0.0,0.0,0.0
2026-03-27,59.6,31.2,44.0,0.0,0.0,0.0
2026-03-28,64.2,42.5,51.3,0.039,0.039,0.0
2026-03-29,63.0,38.4,49.4,0.094,0.094,0.0
2026-03-30,58.9,41.1,49.9,0.02,0.02,0.0
2026-03-31,53.0,40.1,44.4,0.22,0.201,0.138
2026-04-01,43.1,33.9,38.1,1.079,0.283,5.567
2026-04-02,37.9,19.8,30.3,0.453,0.004,3.142
2026-04-03,36.9,18.7,26.3,0.0,0.0,0.0
2026-04-04,46.9,23.2,34.3,0.0,0.0,0.0
2026-04-05,57.9,32.3,43.7,0.0,0.0,0.0
2026-04-06,60.5,37.7,47.6,0.028,0.028,0.0
2026-04-07,57.6,35.9,46.3,0.016,0.016,0.0
2026-04-08,58.4,36.1,46.8,0.0,0.0,0.0
2026-04-09,59.0,38.9,48.2,0.039,0.035,0.028
2026-04-10,61.3,41.7,50.7,0.004,0.004,0.0
2026-04-11,51.6,36.8,43.9,0.138,0.039,0.689
2026-04-12,52.5,33.1,42.4,0.035,0.0,0.248
2026-04-13,47.6,27.9,36.9,0.193,0.0,1.35
2026-04-14,44.7,29.4,36.2,0.0,0.0,0.0
2026-04-15,54.0,29.6,41.6,0.0,0.0,0.0
2026-04-16,47.1,22.8,35.8,0.087,0.008,0.551
2026-04-17,35.4,17.8,25.8,0.0,0.0,0.0
2026-04-18,51.7,24.6,36.3,0.0,0.0,0.0
2026-04-19,60.5,33.6,46.0,0.0,0.0,0.0
2026-04-20,64.3,41.3,51.9,0.016,0.016,0.0
2026-04-21,64.4,41.5,52.7,0.0,0.0,0.0
2026-04-22,43.8,27.8,39.3,0.169,0.0,1.185
2026-04-23,45.1,27.1,35.5,0.035,0.0,0.248
2026-04-24,51.7,30.5,40.0,0.016,0.012,0.028
2026-04-25,51.1,27.3,39.5,0.075,0.016,0.413
2026-04-26,40.8,27.2,36.5,0.717,0.063,4.575
2026-04-27,38.9,24.4,31.7,0.921,0.012,6.366
2026-04-28,43.7,18.6,31.6,0.0,0.0,0.0
2026-04-29,45.3,27.6,35.6,0.0,0.0,0.0
2026-04-30,46.0,29.6,36.9,0.0,0.0,0.0
2026-05-01,52.1,27.3,39.6,0.0,0.0,0.0
2026-05-02,59.8,34.3,46.9,0.0,0.0,0.0
2026-05-03,62.5,39.7,51.1,0.016,0.016,0.0
2026-05-04,57.7,40.9,48.2,0.189,0.157,0.22
2026-05-05,46.6,37.9,40.8,0.272,0.205,0.469
2026-05-06,50.8,31.7,40.1,0.079,0.0,0.551
2026-05-07,60.4,36.5,48.5,0.004,0.004,0.0
2026-05-08,62.0,39.9,51.4,0.0,0.0,0.0
2026-05-09,60.8,39.8,49.9,0.0,0.0,0.0
2026-05-10,67.3,40.6,53.2,0.0,0.0,0.0
2026-05-11,74.1,46.9,60.4,0.012,0.012,0.0
2026-05-12,76.6,51.6,63.5,0.0,0.0,0.0
2026-05-13,71.0,47.6,60.9,0.028,0.028,0.0
2026-05-14,64.4,38.4,51.3,0.0,0.0,0.0
2026-05-15,65.9,40.8,52.8,0.0,0.0,0.0
2026-05-16,61.0,39.4,49.6,0.004,0.004,0.0
2026-05-17,46.9,32.8,38.7,0.26,0.079,1.268
2026-05-18,42.4,30.5,35.7,0.35,0.0,2.453
2026-05-19,50.3,28.7,38.9,0.0,0.0,0.0
2026-05-20,56.1,34.3,44.9,0.004,0.004,0.0
2026-05-21,54.8,38.1,46.6,0.008,0.008,0.0
2026-05-22,58.7,34.9,46.3,0.0,0.0,0.0
2026-05-23,67.2,41.3,54.3,0.004,0.004,0.0
2026-05-24,67.4,48.1,56.5,0.11,0.11,0.0
2026-05-25,69.3,48.2,57.7,0.043,0.043,0.0
2026-05-26,63.8,45.5,51.7,0.154,0.154,0.0
2026-05-27,67.7,44.3,55.8,0.0,0.0,0.0
2026-05-28,69.5,45.5,57.9,0.004,0.004,0.0
2026-05-29,64.5,42.5,52.0,0.157,0.157,0.0
2026-05-30,54.3,38.7,44.2,0.453,0.417,0.248
2026-05-31,60.6,40.3,50.3,0.083,0.083,0.0
2026-06-01,67.7,43.2,55.0,0.079,0.079,0.0
2026-06-02,71.0,45.6,58.6,0.028,0.028,0.0
2026-06-03,74.6,49.8,62.2,0.0,0.0,0.0
2026-06-04,75.5,54.3,64.9,0.012,0.012,0.0
2026-06-05,78.0,52.1,65.4,0.0,0.0,0.0
2026-06-06,77.4,53.0,65.9,0.0,0.0,0.0
2026-06-07,69.0,49.1,58.2,0.106,0.106,0.0
2026-06-08,71.5,46.3,59.2,0.0,0.0,0.0
2026-06-09,63.9,45.9,56.2,0.075,0.075,0.0
2026-06-10,66.6,39.9,54.3,0.0,0.0,0.0
2026-06-11,67.3,36.4,51.9,0.0,0.0,0.0
2026-06-12,75.0,45.9,60.5,0.0,0.0,0.0
2026-06-13,76.3,50.4,62.7,0.0,0.0,0.0
2026-06-14,74.8,47.1,61.4,0.0,0.0,0.0
2026-06-15,76.4,50.1,62.9,0.0,0.0,0.0
2026-06-16,79.0,51.7,65.9,0.0,0.0,0.0
2026-06-17,77.3,54.0,66.3,0.0,0.0,0.0
2026-06-18,78.9,49.7,64.4,0.0,0.0,0.0
2026-06-19,82.0,56.0,68.6,0.0,0.0,0.0
2026-06-20,75.5,50.9,63.4,0.094,0.094,0.0
2026-06-21,74.2,47.6,61.6,0.0,0.0,0.0
2026-06-22,79.9,54.7,67.2,0.016,0.016,0.0
2026-06-23,82.1,55.8,70.4,0.0,0.0,0.0
2026-06-24,82.9,55.7,67.4,0.417,0.417,0.0
2026-06-25,75.2,51.7,61.1,0.26,0.26,0.0
2026-06-26,80.4,53.5,66.0,0.0,0.0,0.0
2026-06-27,65.4,47.6,55.2,0.118,0.118,0.0
2026-06-28,57.5,43.5,48.9,0.327,0.327,0.0
2026-06-29,61.4,35.8,48.8,0.165,0.063,0.717
2026-06-30,64.3,44.0,53.5,0.039,0.039,0.0
2026-07-01,71.3,48.3,59.2,0.047,0.047,0.0
2026-07-02,74.7,51.0,61.5,0.051,0.051,0.0
2026-07-03,71.9,51.2,61.7,0.173,0.173,0.0
2026-07-04,77.9,54.8,66.8,0.016,0.016,0.0
2026-07-05,85.3,57.0,71.4,0.0,0.0,0.0
2026-07-06,82.9,62.1,72.2,0.012,0.012,0.0
2026-07-07,82.7,60.3,70.1,0.055,0.055,0.0
2026-07-08,82.7,56.3,68.9,0.193,0.193,0.0
2026-07-09,82.0,58.5,71.0,0.0,0.0,0.0
2026-07-10,84.7,59.1,71.5,0.004,0.004,0.0
2026-07-11,91.1,61.6,77.0,0.0,0.0,0.0
2026-07-12,91.7,65.3,78.9,0.0,0.0,0.0
2026-07-13,89.3,63.9,77.4,0.004,0.004,0.0
2026-07-14,86.8,66.1,74.6,0.028,0.028,0.0
2026-07-15,78.5,60.5,70.3,0.161,0.161,0.0
2026-07-16,80.0,62.2,70.3,0.079,0.079,0.0
2026-07-17,76.2,59.4,67.2,0.283,0.283,0.0
2026-07-18,80.0,61.0,68.9,0.224,0.224,0.0
2026-07-19,83.2,61.9,72.8,0.012,0.012,0.0
2026-07-20,85.1,64.3,75.0,0.02,0.02,0.0
2026-07-21,84.4,65.6,73.3,0.055,0.055,0.0
2026-07-22,74.7,59.8,65.7,0.752,0.752,0.0
2026-07-23,80.2,59.9,69.5,0.098,0.098,0.0
2026-07-24,83.3,62.6,71.1,0.173,0.173,0.0
2026-07-25,86.4,64.0,74.1,0.028,0.028,0.0
2026-07-26,88.2,64.2,74.6,0.028,0.028,0.0
2026-07-27,83.7,60.2,70.1,0.406,0.406,0.0
2026-07-28,77.0,60.9,68.2,0.142,0.142,0.0
2026-07-29,76.8,60.7,66.3,0.079,0.079,0.0
2026-07-30,80.0,58.0,66.9,0.106,0.106,0.0
2026-07-31,85.6,62.0,72.5,0.0,0.0,0.0
2026-08-01,89.3,64.0,75.5,0.0,0.0,0.0
